2850.0,0.4,0.1,0.4,0.4,0.4,0.4,0.4,0.4,0.4,0.4,0.4,0.4,0.4,0.4,0.4,0.4,0.4,0.4,0.4,0.4,0.4,0.4,0.4,0.4,0.4,0.4,0.4,0.4,0.4,0.4,0.2,0.2,0.2,0.3,0.3,0.4,0.4,0.3,0.4,0.4,0.3,0.5,0.5,0.5,0.5,0.5,0.5,0.5,0.5,0.5,0.5,0.5,0.5,0.5,0.5,0.5,0.5,0.5,0.5,0.5,0.5,0.5,0.5,0.5,0.5,0.5,0.5,0.5,0.5,0.5,0.5,0.5,0.5,0.5,0.5,0.5,0.1,0.1,0.1,0.1,0.1,0.1,0.1,0.1,0.1,0.1,0.1,0.1,0.1,0.1,0.1,0.1,0.1,0.1,0.1,0.1,0.1,0.1,0.1,0.1,0.1,0.1,0.05,0.05,0.05,0.05,0.2,0.1,0.05,0.05,0.05,0.05,0.05,0.05,0.05,0.05,0.05,0.05,0.05,0.4,0.4,0.4,0.4,0.4,0.4,0.4,0.4,0.4,0.4,0.4,0.4,0.4,0.4,0.4,0.4,0.4,0.4,0.4,0.4,0.4,0.4,0.4,0.4,0.4,0.4,0.4,0.4,0.4,0.4,0.4,0.4,0.4,0.4,0.4,0.4,0.4,0.4,0.4,0.4,0.4,0.4,0.4,0.4,0.4,0.4,0.4,0.4,0.4,0.4,0.4,0.4,0.4,0.4,0.4,0.4,0.1,0.1,0.1,0.1,0.1,0.1,0.1,0.1,0.1,0.1,0.1,0.1,0.1,0.1,0.1,0.1,0.1,0.1,0.1,0.1,0.1,0.1,0.1,0.1,0.1,0.5,0.1,0.05,0.05,0.05,0.05,0.05,0.05,0.05,0.05,0.05,0.05,0.05,0.05,0.05,0.05,0.05,0.05,0.1,0.1,0.1,0.1,0.2,0.2,0.2,0.2,0.2,0.2,0.2,0.2,0.2,0.2,0.2,0.4,0.3,0.4,0.4,0.4,0.4,0.4,0.4,0.5,0.5,0.5,0.5,0.5,0.5,0.5,0.5,0.5,0.5,0.5,0.5,0.5,0.5,0.5,0.5,0.5,0.5,0.5,0.5,0.5,0.5,0.5,0.5,0.5,0.5,0.5,0.5,0.4,0.4,0.4,0.4,0.4,0.4,0.1,0.1,0.1,0.1,0.1,0.1,0.1,0.1,0.1,0.1,0.1,0.1,0.1,0.1,0.1,0.1,0.1,0.1,0.1,0.1,0.1,0.1,0.1,0.1,0.1
3366.0,0.4,0.4,0.4,0.4,0.4,0.4,0.4,0.4,0.4,0.4,0.4,0.4,0.4,0.4,0.4,0.4,0.4,0.4,0.4,0.4,0.4,0.4,0.4,0.4,0.4,0.4,0.4,0.4,0.4,0.4,0.2,0.2,0.3,0.3,0.4,0.4,0.4,0.3,0.4,0.4,0.2,0.4,0.5,0.5,0.5,0.5,0.5,0.5,0.5,0.4,0.5,0.5,0.5,0.5,0.5,0.5,0.5,0.5,0.5,0.5,0.5,0.5,0.4,0.5,0.5,0.5,0.5,0.5,0.5,0.5,0.5,0.5,0.5,0.5,0.5,0.4,0.5,0.5,0.5,0.5,0.5,0.5,0.5,0.5,0.5,0.5,0.5,0.5,0.5,0.5,0.5,0.5,0.5,0.5,0.5,0.5,0.5,0.5,0.5,0.5,0.5,0.1,0.3,0.05,0.3,0.05,0.2,0.1,0.4,0.05,0.2,0.4,0.05,0.05,0.05,0.2,0.05,0.05,0.2,0.4,0.4,0.4,0.4,0.4,0.4,0.4,0.4,0.4,0.4,0.4,0.4,0.4,0.4,0.4,0.4,0.4,0.4,0.4,0.4,0.4,0.4,0.4,0.4,0.4,0.4,0.4,0.4,0.4,0.4,0.4,0.4,0.4,0.4,0.4,0.4,0.4,0.4,0.4,0.4,0.4,0.4,0.4,0.4,0.4,0.4,0.4,0.4,0.4,0.4,0.4,0.4,0.4,0.4,0.4,0.4,0.4,0.4,0.4,0.4,0.4,0.5,0.5,0.5,0.5,0.5,0.5,0.5,0.5,0.5,0.5,0.5,0.5,0.5,0.5,0.5,0.5,0.5,0.5,0.5,0.5,0.5,0.5,0.3,0.3,0.05,0.3,0.3,0.05,0.05,0.05,0.3,0.2,0.05,0.3,0.05,0.05,0.3,0.05,0.1,0.1,0.1,0.1,0.4,0.3,0.3,0.2,0.2,0.4,0.2,0.2,0.4,0.2,0.3,0.4,0.3,0.4,0.4,0.4,0.4,0.4,0.5,0.5,0.5,0.5,0.5,0.4,0.5,0.5,0.5,0.5,0.5,0.5,0.4,0.4,0.4,0.5,0.5,0.5,0.5,0.5,0.5,0.5,0.4,0.5,0.5,0.5,0.5,0.5,0.5,0.4,0.4,0.4,0.4,0.4,0.4,0.4,0.4,0.4,0.4,0.4,0.4,0.4,0.4,0.4,0.4,0.4,0.4,0.4,0.4,0.4,0.4,0.4,0.4,0.4,0.4,0.4,0.4,0.4,0.4,0.4
4878.0,0.4,0.4,0.4,0.4,0.4,0.4,0.4,0.4,0.4,0.4,0.4,0.4,0.4,0.4,0.4,0.4,0.4,0.4,0.4,0.4,0.4,0.4,0.4,0.4,0.4,0.4,0.4,0.4,0.4,0.4,0.2,0.4,0.4,0.4,0.4,0.3,0.4,0.3,0.2,0.4,0.2,0.4,0.2,0.3,0.4,0.5,0.3,0.5,0.5,0.4,0.4,0.3,0.3,0.5,0.4,0.4,0.4,0.4,0.4,0.2,0.4,0.4,0.4,0.4,0.4,0.4,0.5,0.4,0.4,0.4,0.4,0.4,0.4,0.4,0.4,0.4,0.4,0.4,0.4,0.4,0.2,0.3,0.4,0.4,0.4,0.4,0.4,0.4,0.5,0.4,0.4,0.4,0.4,0.4,0.4,0.4,0.5,0.4,0.4,0.4,0.4,0.4,0.2,0.4,0.4,0.5,0.2,0.3,0.4,0.2,0.4,0.4,0.2,0.2,0.4,0.2,0.3,0.2,0.2,0.4,0.4,0.4,0.4,0.4,0.4,0.4,0.4,0.4,0.4,0.4,0.4,0.4,0.4,0.4,0.4,0.4,0.4,0.4,0.4,0.4,0.4,0.4,0.4,0.4,0.4,0.4,0.4,0.4,0.4,0.4,0.4,0.4,0.4,0.4,0.4,0.4,0.4,0.4,0.4,0.4,0.4,0.4,0.4,0.4,0.4,0.4,0.4,0.4,0.4,0.4,0.4,0.4,0.4,0.4,0.4,0.4,0.4,0.4,0.4,0.4,0.2,0.3,0.3,0.5,0.4,0.3,0.4,0.4,0.5,0.3,0.3,0.4,0.4,0.4,0.5,0.4,0.4,0.3,0.4,0.4,0.4,0.4,0.4,0.2,0.4,0.4,0.3,0.3,0.3,0.2,0.3,0.4,0.4,0.4,0.3,0.3,0.3,0.4,0.3,0.2,0.2,0.4,0.4,0.3,0.3,0.4,0.3,0.4,0.2,0.4,0.4,0.4,0.4,0.4,0.4,0.3,0.4,0.5,0.4,0.3,0.5,0.4,0.4,0.4,0.4,0.4,0.4,0.4,0.4,0.4,0.3,0.3,0.3,0.4,0.4,0.4,0.3,0.3,0.3,0.5,0.5,0.3,0.5,0.4,0.3,0.4,0.4,0.4,0.5,0.4,0.4,0.4,0.4,0.4,0.4,0.4,0.4,0.4,0.4,0.4,0.4,0.4,0.4,0.4,0.4,0.4,0.4,0.4,0.4,0.4,0.4,0.4,0.4,0.4,0.4,0.4,0.4,0.4,0.4,0.4
5894.0,0.4,0.4,0.4,0.4,0.4,0.4,0.4,0.4,0.4,0.4,0.4,0.4,0.4,0.4,0.4,0.4,0.4,0.4,0.4,0.4,0.4,0.4,0.4,0.4,0.4,0.4,0.4,0.4,0.4,0.4,0.2,0.3,0.2,0.5,0.2,0.3,0.4,0.2,0.2,0.4,0.2,0.4,0.2,0.3,0.3,0.4,0.3,0.5,0.5,0.4,0.4,0.4,0.3,0.3,0.4,0.4,0.4,0.5,0.4,0.2,0.5,0.4,0.4,0.4,0.4,0.4,0.4,0.4,0.4,0.3,0.4,0.4,0.4,0.3,0.4,0.4,0.3,0.4,0.4,0.4,0.4,0.3,0.5,0.4,0.3,0.4,0.4,0.4,0.4,0.3,0.4,0.4,0.4,0.4,0.4,0.4,0.4,0.4,0.5,0.4,0.4,0.4,0.2,0.3,0.5,0.4,0.2,0.4,0.3,0.4,0.3,0.4,0.2,0.2,0.3,0.3,0.4,0.2,0.4,0.4,0.4,0.4,0.4,0.4,0.4,0.4,0.4,0.4,0.4,0.4,0.4,0.4,0.4,0.4,0.4,0.4,0.4,0.4,0.4,0.4,0.4,0.4,0.4,0.4,0.4,0.4,0.4,0.4,0.4,0.4,0.4,0.4,0.4,0.4,0.4,0.4,0.4,0.4,0.4,0.4,0.4,0.4,0.4,0.4,0.4,0.4,0.4,0.4,0.4,0.4,0.4,0.4,0.4,0.4,0.4,0.4,0.4,0.4,0.4,0.4,0.2,0.4,0.2,0.5,0.2,0.2,0.4,0.4,0.5,0.3,0.2,0.4,0.4,0.3,0.4,0.4,0.4,0.3,0.4,0.4,0.4,0.3,0.4,0.2,0.4,0.4,0.2,0.2,0.3,0.4,0.3,0.4,0.4,0.4,0.3,0.3,0.3,0.4,0.3,0.4,0.3,0.4,0.4,0.4,0.2,0.5,0.3,0.5,0.4,0.3,0.4,0.3,0.4,0.4,0.4,0.3,0.3,0.4,0.4,0.3,0.4,0.4,0.3,0.4,0.4,0.5,0.4,0.5,0.4,0.4,0.2,0.2,0.3,0.4,0.4,0.3,0.2,0.3,0.2,0.3,0.3,0.4,0.5,0.3,0.3,0.4,0.4,0.4,0.4,0.4,0.4,0.4,0.4,0.4,0.4,0.4,0.4,0.4,0.4,0.4,0.4,0.4,0.4,0.4,0.4,0.4,0.4,0.4,0.4,0.4,0.4,0.4,0.4,0.4,0.4,0.4,0.4,0.4,0.4,0.4
7220.0,0.4,0.4,0.4,0.4,0.4,0.4,0.4,0.4,0.4,0.4,0.4,0.4,0.4,0.4,0.4,0.4,0.4,0.4,0.4,0.4,0.4,0.4,0.4,0.4,0.4,0.4,0.4,0.4,0.4,0.4,0.2,0.2,0.2,0.4,0.2,0.2,0.3,0.2,0.4,0.4,0.3,0.3,0.3,0.3,0.2,0.5,0.4,0.4,0.5,0.5,0.4,0.4,0.4,0.3,0.4,0.4,0.4,0.3,0.4,0.3,0.4,0.3,0.4,0.4,0.3,0.4,0.4,0.4,0.4,0.3,0.5,0.4,0.3,0.4,0.4,0.4,0.4,0.4,0.4,0.4,0.5,0.3,0.4,0.4,0.2,0.4,0.4,0.4,0.4,0.3,0.5,0.4,0.3,0.3,0.4,0.4,0.4,0.4,0.4,0.5,0.4,0.4,0.4,0.3,0.4,0.4,0.2,0.3,0.3,0.4,0.2,0.4,0.2,0.4,0.4,0.4,0.3,0.2,0.4,0.4,0.4,0.4,0.4,0.4,0.4,0.4,0.4,0.4,0.4,0.4,0.4,0.4,0.4,0.4,0.4,0.4,0.4,0.4,0.4,0.4,0.4,0.4,0.4,0.4,0.4,0.4,0.4,0.4,0.4,0.4,0.4,0.4,0.4,0.4,0.4,0.4,0.4,0.4,0.4,0.4,0.4,0.4,0.4,0.4,0.4,0.4,0.4,0.4,0.4,0.4,0.4,0.4,0.4,0.4,0.4,0.4,0.4,0.4,0.4,0.4,0.4,0.3,0.3,0.4,0.2,0.3,0.4,0.4,0.4,0.4,0.4,0.4,0.4,0.3,0.3,0.4,0.4,0.2,0.4,0.4,0.4,0.3,0.4,0.3,0.4,0.4,0.3,0.3,0.3,0.3,0.3,0.4,0.4,0.5,0.3,0.4,0.3,0.5,0.4,0.4,0.3,0.4,0.4,0.4,0.4,0.4,0.3,0.4,0.4,0.4,0.4,0.3,0.4,0.4,0.4,0.3,0.3,0.4,0.4,0.4,0.4,0.4,0.4,0.5,0.3,0.5,0.4,0.4,0.4,0.4,0.4,0.4,0.2,0.4,0.5,0.2,0.3,0.3,0.3,0.4,0.2,0.4,0.4,0.2,0.2,0.4,0.4,0.4,0.4,0.4,0.4,0.4,0.4,0.4,0.4,0.4,0.4,0.4,0.4,0.4,0.4,0.4,0.4,0.4,0.4,0.4,0.4,0.4,0.4,0.4,0.4,0.4,0.4,0.4,0.4,0.4,0.4,0.4,0.4,0.4
8542.0,0.4,0.4,0.4,0.4,0.4,0.4,0.4,0.4,0.4,0.4,0.4,0.4,0.4,0.4,0.4,0.4,0.4,0.4,0.4,0.4,0.4,0.4,0.4,0.4,0.4,0.4,0.4,0.4,0.4,0.4,0.2,0.4,0.3,0.3,0.4,0.2,0.2,0.4,0.4,0.4,0.3,0.3,0.3,0.3,0.4,0.4,0.4,0.4,0.4,0.5,0.4,0.4,0.4,0.3,0.4,0.4,0.4,0.4,0.4,0.3,0.4,0.4,0.3,0.3,0.3,0.4,0.4,0.4,0.4,0.4,0.4,0.5,0.4,0.4,0.4,0.4,0.4,0.4,0.4,0.4,0.4,0.4,0.4,0.5,0.3,0.4,0.4,0.4,0.4,0.3,0.4,0.5,0.4,0.2,0.4,0.4,0.4,0.4,0.4,0.4,0.5,0.4,0.4,0.3,0.4,0.3,0.4,0.3,0.3,0.4,0.4,0.4,0.2,0.4,0.4,0.3,0.2,0.3,0.3,0.4,0.4,0.4,0.4,0.4,0.4,0.4,0.4,0.4,0.4,0.4,0.4,0.4,0.4,0.4,0.4,0.4,0.4,0.4,0.4,0.4,0.4,0.4,0.4,0.4,0.4,0.4,0.4,0.4,0.4,0.4,0.4,0.4,0.4,0.4,0.4,0.4,0.4,0.4,0.4,0.4,0.4,0.4,0.4,0.4,0.4,0.4,0.4,0.4,0.4,0.4,0.4,0.4,0.4,0.4,0.4,0.4,0.4,0.4,0.4,0.4,0.3,0.4,0.3,0.4,0.4,0.3,0.4,0.4,0.3,0.4,0.4,0.4,0.3,0.2,0.4,0.4,0.4,0.3,0.4,0.3,0.3,0.3,0.4,0.3,0.4,0.4,0.4,0.4,0.3,0.3,0.2,0.4,0.4,0.5,0.3,0.4,0.3,0.5,0.4,0.4,0.3,0.4,0.4,0.4,0.5,0.4,0.3,0.4,0.4,0.3,0.4,0.3,0.4,0.4,0.5,0.5,0.3,0.3,0.4,0.4,0.4,0.4,0.4,0.5,0.3,0.4,0.4,0.4,0.4,0.4,0.4,0.4,0.3,0.5,0.3,0.3,0.2,0.2,0.4,0.4,0.4,0.4,0.3,0.4,0.2,0.4,0.4,0.4,0.3,0.4,0.4,0.4,0.4,0.4,0.4,0.4,0.4,0.4,0.4,0.4,0.4,0.4,0.4,0.4,0.4,0.4,0.4,0.4,0.4,0.4,0.4,0.4,0.4,0.4,0.4,0.4,0.4,0.4,0.4,0.4
10062.0,0.4,0.4,0.4,0.4,0.4,0.4,0.4,0.4,0.4,0.4,0.4,0.4,0.4,0.4,0.4,0.4,0.4,0.4,0.4,0.4,0.4,0.4,0.4,0.4,0.4,0.4,0.4,0.4,0.4,0.4,0.3,0.4,0.2,0.3,0.2,0.4,0.4,0.4,0.5,0.4,0.4,0.2,0.4,0.4,0.4,0.4,0.5,0.5,0.4,0.3,0.3,0.4,0.4,0.4,0.3,0.4,0.5,0.2,0.4,0.3,0.4,0.4,0.2,0.3,0.3,0.4,0.4,0.4,0.3,0.4,0.4,0.4,0.3,0.4,0.5,0.5,0.5,0.4,0.4,0.5,0.4,0.4,0.4,0.4,0.3,0.4,0.4,0.4,0.3,0.3,0.4,0.5,0.3,0.3,0.3,0.4,0.3,0.3,0.4,0.4,0.4,0.4,0.4,0.4,0.3,0.4,0.4,0.2,0.4,0.2,0.3,0.5,0.4,0.3,0.4,0.5,0.4,0.2,0.2,0.4,0.4,0.4,0.4,0.4,0.4,0.4,0.4,0.4,0.4,0.4,0.4,0.4,0.4,0.4,0.4,0.4,0.4,0.4,0.4,0.4,0.4,0.4,0.4,0.4,0.4,0.4,0.4,0.4,0.4,0.4,0.4,0.4,0.4,0.4,0.4,0.4,0.4,0.4,0.4,0.4,0.4,0.4,0.4,0.4,0.4,0.4,0.4,0.4,0.4,0.4,0.4,0.4,0.4,0.4,0.4,0.4,0.4,0.4,0.4,0.4,0.2,0.4,0.5,0.4,0.3,0.4,0.2,0.4,0.2,0.3,0.4,0.4,0.4,0.2,0.5,0.4,0.4,0.3,0.4,0.4,0.3,0.3,0.4,0.3,0.5,0.5,0.4,0.4,0.4,0.4,0.4,0.4,0.4,0.4,0.2,0.5,0.4,0.3,0.4,0.4,0.3,0.3,0.5,0.4,0.5,0.4,0.3,0.4,0.4,0.3,0.3,0.3,0.5,0.4,0.4,0.4,0.2,0.2,0.4,0.3,0.4,0.4,0.4,0.3,0.4,0.4,0.5,0.4,0.4,0.4,0.4,0.4,0.2,0.4,0.2,0.4,0.4,0.3,0.3,0.4,0.4,0.5,0.4,0.3,0.2,0.2,0.3,0.2,0.2,0.4,0.4,0.4,0.4,0.4,0.4,0.4,0.4,0.4,0.4,0.4,0.4,0.4,0.4,0.4,0.4,0.4,0.4,0.4,0.4,0.4,0.4,0.4,0.4,0.4,0.4,0.4,0.4,0.4,0.4,0.4
11196.0,0.4,0.4,0.4,0.4,0.4,0.4,0.4,0.4,0.4,0.4,0.4,0.4,0.4,0.4,0.4,0.4,0.4,0.4,0.4,0.4,0.4,0.4,0.4,0.4,0.4,0.4,0.4,0.4,0.4,0.4,0.3,0.4,0.3,0.2,0.3,0.3,0.3,0.3,0.4,0.2,0.2,0.4,0.3,0.5,0.3,0.4,0.4,0.4,0.3,0.2,0.3,0.4,0.5,0.5,0.3,0.4,0.4,0.3,0.4,0.3,0.4,0.5,0.3,0.4,0.3,0.4,0.4,0.3,0.2,0.4,0.4,0.4,0.2,0.4,0.4,0.5,0.4,0.4,0.4,0.5,0.4,0.4,0.4,0.4,0.3,0.5,0.4,0.5,0.3,0.3,0.4,0.4,0.4,0.4,0.2,0.4,0.4,0.2,0.3,0.3,0.4,0.4,0.4,0.3,0.3,0.4,0.3,0.4,0.4,0.2,0.3,0.3,0.4,0.4,0.4,0.4,0.4,0.3,0.2,0.4,0.4,0.4,0.4,0.4,0.4,0.4,0.4,0.4,0.4,0.4,0.4,0.4,0.4,0.4,0.4,0.4,0.4,0.4,0.4,0.4,0.4,0.4,0.4,0.4,0.4,0.4,0.4,0.4,0.4,0.4,0.4,0.4,0.4,0.4,0.4,0.4,0.4,0.4,0.4,0.4,0.4,0.4,0.4,0.4,0.4,0.4,0.4,0.4,0.4,0.4,0.4,0.4,0.4,0.4,0.4,0.4,0.4,0.4,0.4,0.4,0.4,0.2,0.3,0.4,0.3,0.5,0.2,0.4,0.4,0.3,0.3,0.3,0.3,0.4,0.3,0.4,0.4,0.2,0.4,0.4,0.3,0.3,0.4,0.3,0.5,0.3,0.5,0.4,0.4,0.4,0.4,0.5,0.4,0.5,0.3,0.5,0.4,0.3,0.4,0.4,0.4,0.2,0.4,0.3,0.5,0.5,0.3,0.4,0.5,0.3,0.3,0.3,0.3,0.4,0.4,0.4,0.2,0.3,0.4,0.3,0.4,0.5,0.5,0.3,0.4,0.4,0.3,0.4,0.4,0.5,0.4,0.4,0.3,0.5,0.3,0.4,0.4,0.3,0.3,0.4,0.4,0.4,0.3,0.3,0.4,0.2,0.4,0.4,0.2,0.4,0.4,0.4,0.4,0.4,0.4,0.4,0.4,0.4,0.4,0.4,0.4,0.4,0.4,0.4,0.4,0.4,0.4,0.4,0.4,0.4,0.4,0.4,0.4,0.4,0.4,0.4,0.4,0.4,0.4,0.4
12030.0,0.4,0.4,0.4,0.4,0.4,0.4,0.4,0.4,0.4,0.4,0.4,0.4,0.4,0.4,0.4,0.4,0.4,0.4,0.4,0.4,0.4,0.4,0.4,0.4,0.4,0.4,0.4,0.4,0.4,0.4,0.2,0.4,0.4,0.4,0.3,0.2,0.3,0.4,0.4,0.2,0.3,0.4,0.3,0.5,0.3,0.4,0.4,0.3,0.3,0.3,0.4,0.4,0.4,0.5,0.3,0.4,0.5,0.3,0.3,0.3,0.4,0.5,0.3,0.4,0.4,0.4,0.4,0.3,0.2,0.4,0.4,0.4,0.3,0.4,0.4,0.5,0.4,0.4,0.4,0.4,0.4,0.4,0.4,0.5,0.3,0.5,0.4,0.5,0.3,0.3,0.4,0.4,0.4,0.4,0.2,0.4,0.4,0.4,0.4,0.3,0.4,0.4,0.4,0.3,0.2,0.5,0.4,0.5,0.5,0.3,0.3,0.3,0.3,0.4,0.5,0.4,0.5,0.2,0.2,0.4,0.4,0.4,0.4,0.4,0.4,0.4,0.4,0.4,0.4,0.4,0.4,0.4,0.4,0.4,0.4,0.4,0.4,0.4,0.4,0.4,0.4,0.4,0.4,0.4,0.4,0.4,0.4,0.4,0.4,0.4,0.4,0.4,0.4,0.4,0.4,0.4,0.4,0.4,0.4,0.4,0.4,0.4,0.4,0.4,0.4,0.4,0.4,0.4,0.4,0.4,0.4,0.4,0.4,0.4,0.4,0.4,0.4,0.4,0.4,0.4,0.4,0.2,0.3,0.3,0.3,0.5,0.2,0.4,0.4,0.4,0.3,0.3,0.3,0.4,0.4,0.4,0.4,0.2,0.4,0.4,0.4,0.4,0.4,0.3,0.4,0.2,0.4,0.5,0.4,0.4,0.5,0.4,0.4,0.5,0.3,0.4,0.4,0.3,0.4,0.4,0.4,0.3,0.5,0.4,0.5,0.4,0.3,0.4,0.5,0.3,0.3,0.4,0.3,0.4,0.4,0.4,0.3,0.3,0.4,0.2,0.4,0.4,0.4,0.3,0.4,0.4,0.3,0.5,0.4,0.4,0.4,0.3,0.3,0.4,0.3,0.4,0.4,0.3,0.4,0.4,0.3,0.4,0.3,0.2,0.4,0.2,0.4,0.4,0.2,0.4,0.4,0.4,0.4,0.4,0.4,0.4,0.4,0.4,0.4,0.4,0.4,0.4,0.4,0.4,0.4,0.4,0.4,0.4,0.4,0.4,0.4,0.4,0.4,0.4,0.4,0.4,0.4,0.4,0.4,0.4
13164.0,0.4,0.4,0.4,0.4,0.4,0.4,0.4,0.4,0.4,0.4,0.4,0.4,0.4,0.4,0.4,0.4,0.4,0.4,0.4,0.4,0.4,0.4,0.4,0.4,0.4,0.4,0.4,0.4,0.4,0.4,0.2,0.3,0.4,0.3,0.4,0.2,0.2,0.3,0.3,0.3,0.4,0.4,0.3,0.4,0.4,0.4,0.4,0.2,0.4,0.3,0.4,0.4,0.5,0.5,0.3,0.4,0.4,0.3,0.3,0.3,0.4,0.4,0.3,0.4,0.3,0.4,0.4,0.3,0.3,0.4,0.4,0.4,0.3,0.4,0.4,0.5,0.4,0.4,0.4,0.5,0.4,0.4,0.4,0.5,0.3,0.4,0.4,0.4,0.2,0.4,0.4,0.4,0.4,0.4,0.3,0.4,0.4,0.4,0.4,0.3,0.4,0.4,0.3,0.3,0.4,0.5,0.5,0.4,0.4,0.3,0.2,0.4,0.3,0.5,0.4,0.4,0.3,0.2,0.2,0.4,0.4,0.4,0.4,0.4,0.4,0.4,0.4,0.4,0.4,0.4,0.4,0.4,0.4,0.4,0.4,0.4,0.4,0.4,0.4,0.4,0.4,0.4,0.4,0.4,0.4,0.4,0.4,0.4,0.4,0.4,0.4,0.4,0.4,0.4,0.4,0.4,0.4,0.4,0.4,0.4,0.4,0.4,0.4,0.4,0.4,0.4,0.4,0.4,0.4,0.4,0.4,0.4,0.4,0.4,0.4,0.4,0.4,0.4,0.4,0.4,0.3,0.2,0.2,0.3,0.2,0.4,0.2,0.3,0.3,0.2,0.3,0.4,0.4,0.4,0.4,0.4,0.5,0.3,0.4,0.4,0.3,0.4,0.4,0.3,0.5,0.4,0.5,0.5,0.3,0.4,0.5,0.4,0.4,0.4,0.3,0.4,0.4,0.4,0.4,0.5,0.4,0.3,0.4,0.4,0.4,0.4,0.3,0.3,0.4,0.3,0.4,0.4,0.4,0.5,0.4,0.4,0.4,0.2,0.4,0.4,0.4,0.4,0.4,0.3,0.4,0.4,0.4,0.4,0.4,0.4,0.4,0.3,0.3,0.4,0.3,0.4,0.5,0.4,0.3,0.4,0.2,0.5,0.4,0.4,0.4,0.2,0.4,0.3,0.2,0.4,0.4,0.4,0.4,0.4,0.4,0.4,0.4,0.4,0.4,0.4,0.4,0.4,0.4,0.4,0.4,0.4,0.4,0.4,0.4,0.4,0.4,0.4,0.4,0.4,0.4,0.4,0.4,0.4,0.4,0.4
13892.0,0.4,0.4,0.4,0.4,0.4,0.4,0.4,0.4,0.4,0.4,0.4,0.4,0.4,0.4,0.4,0.4,0.4,0.4,0.4,0.4,0.4,0.4,0.4,0.4,0.4,0.4,0.4,0.4,0.4,0.4,0.2,0.3,0.4,0.3,0.4,0.2,0.2,0.4,0.2,0.2,0.4,0.5,0.2,0.4,0.4,0.4,0.4,0.4,0.5,0.3,0.4,0.4,0.4,0.4,0.3,0.5,0.4,0.3,0.3,0.3,0.4,0.4,0.3,0.5,0.3,0.4,0.4,0.3,0.3,0.4,0.4,0.4,0.4,0.5,0.4,0.4,0.4,0.4,0.4,0.5,0.4,0.4,0.3,0.4,0.2,0.4,0.4,0.4,0.2,0.4,0.3,0.4,0.4,0.4,0.4,0.4,0.4,0.4,0.4,0.2,0.4,0.4,0.4,0.3,0.4,0.3,0.5,0.4,0.4,0.2,0.2,0.4,0.4,0.4,0.4,0.5,0.3,0.2,0.4,0.4,0.4,0.4,0.4,0.4,0.4,0.4,0.4,0.4,0.4,0.4,0.4,0.4,0.4,0.4,0.4,0.4,0.4,0.4,0.4,0.4,0.4,0.4,0.4,0.4,0.4,0.4,0.4,0.4,0.4,0.4,0.4,0.4,0.4,0.4,0.4,0.4,0.4,0.4,0.4,0.4,0.4,0.4,0.4,0.4,0.4,0.4,0.4,0.4,0.4,0.4,0.4,0.4,0.4,0.4,0.4,0.4,0.4,0.4,0.4,0.4,0.2,0.2,0.4,0.3,0.2,0.4,0.3,0.3,0.4,0.4,0.2,0.4,0.4,0.3,0.4,0.4,0.4,0.4,0.4,0.4,0.3,0.4,0.4,0.3,0.5,0.4,0.4,0.5,0.3,0.5,0.4,0.4,0.3,0.4,0.4,0.4,0.4,0.4,0.5,0.4,0.4,0.4,0.4,0.4,0.4,0.4,0.3,0.3,0.4,0.3,0.4,0.4,0.4,0.5,0.4,0.5,0.4,0.2,0.4,0.4,0.4,0.4,0.4,0.3,0.4,0.4,0.4,0.4,0.4,0.3,0.4,0.4,0.3,0.4,0.2,0.3,0.4,0.4,0.3,0.3,0.2,0.5,0.4,0.4,0.4,0.2,0.4,0.3,0.4,0.4,0.4,0.4,0.4,0.4,0.4,0.4,0.4,0.4,0.4,0.4,0.4,0.4,0.4,0.4,0.4,0.4,0.4,0.4,0.4,0.4,0.4,0.4,0.4,0.4,0.4,0.4,0.4,0.4,0.4,0.4
15196.0,0.4,0.4,0.4,0.4,0.4,0.4,0.4,0.4,0.4,0.4,0.4,0.4,0.4,0.4,0.4,0.4,0.4,0.4,0.4,0.4,0.4,0.4,0.4,0.4,0.4,0.4,0.4,0.4,0.4,0.4,0.2,0.3,0.5,0.4,0.2,0.2,0.3,0.4,0.4,0.2,0.3,0.4,0.3,0.5,0.3,0.3,0.5,0.4,0.4,0.4,0.4,0.4,0.4,0.4,0.3,0.4,0.4,0.3,0.3,0.3,0.4,0.4,0.3,0.4,0.3,0.3,0.4,0.3,0.3,0.5,0.4,0.5,0.4,0.4,0.4,0.4,0.5,0.4,0.4,0.4,0.4,0.4,0.3,0.4,0.2,0.4,0.4,0.4,0.3,0.5,0.3,0.4,0.4,0.4,0.4,0.4,0.4,0.4,0.5,0.2,0.4,0.4,0.4,0.3,0.3,0.3,0.4,0.3,0.5,0.2,0.2,0.4,0.4,0.4,0.3,0.5,0.3,0.2,0.4,0.4,0.4,0.4,0.4,0.4,0.4,0.4,0.4,0.4,0.4,0.4,0.4,0.4,0.4,0.4,0.4,0.4,0.4,0.4,0.4,0.4,0.4,0.4,0.4,0.4,0.4,0.4,0.4,0.4,0.4,0.4,0.4,0.4,0.4,0.4,0.4,0.4,0.4,0.4,0.4,0.4,0.4,0.4,0.4,0.4,0.4,0.4,0.4,0.4,0.4,0.4,0.4,0.4,0.4,0.4,0.4,0.4,0.4,0.4,0.4,0.4,0.4,0.2,0.2,0.2,0.4,0.3,0.2,0.4,0.4,0.4,0.4,0.4,0.4,0.3,0.5,0.4,0.4,0.4,0.4,0.4,0.3,0.3,0.3,0.2,0.3,0.4,0.4,0.5,0.3,0.4,0.4,0.5,0.3,0.4,0.4,0.3,0.4,0.5,0.4,0.4,0.3,0.4,0.4,0.4,0.3,0.4,0.3,0.4,0.4,0.3,0.4,0.4,0.4,0.4,0.4,0.5,0.5,0.3,0.4,0.3,0.3,0.4,0.4,0.3,0.5,0.4,0.4,0.4,0.4,0.3,0.4,0.3,0.4,0.5,0.4,0.4,0.4,0.4,0.4,0.3,0.3,0.4,0.5,0.4,0.3,0.3,0.4,0.3,0.3,0.4,0.4,0.4,0.4,0.4,0.4,0.4,0.4,0.4,0.4,0.4,0.4,0.4,0.4,0.4,0.4,0.4,0.4,0.4,0.4,0.4,0.4,0.4,0.4,0.4,0.4,0.4,0.4,0.4,0.4,0.4
16712.0,0.4,0.4,0.4,0.4,0.4,0.4,0.4,0.4,0.4,0.4,0.4,0.4,0.4,0.4,0.4,0.4,0.4,0.4,0.4,0.4,0.4,0.4,0.4,0.4,0.4,0.4,0.4,0.4,0.4,0.4,0.2,0.2,0.5,0.4,0.4,0.2,0.2,0.5,0.4,0.2,0.4,0.2,0.3,0.4,0.2,0.4,0.4,0.4,0.5,0.3,0.4,0.5,0.4,0.4,0.4,0.4,0.4,0.4,0.3,0.3,0.5,0.5,0.3,0.4,0.3,0.3,0.4,0.3,0.3,0.4,0.4,0.4,0.4,0.4,0.4,0.4,0.4,0.4,0.4,0.4,0.4,0.5,0.2,0.4,0.3,0.4,0.5,0.5,0.4,0.3,0.2,0.4,0.4,0.4,0.4,0.4,0.4,0.4,0.5,0.4,0.4,0.3,0.3,0.3,0.3,0.3,0.5,0.3,0.3,0.3,0.4,0.4,0.3,0.4,0.4,0.4,0.2,0.4,0.2,0.4,0.4,0.4,0.4,0.4,0.4,0.4,0.4,0.4,0.4,0.4,0.4,0.4,0.4,0.4,0.4,0.4,0.4,0.4,0.4,0.4,0.4,0.4,0.4,0.4,0.4,0.4,0.4,0.4,0.4,0.4,0.4,0.4,0.4,0.4,0.4,0.4,0.4,0.4,0.4,0.4,0.4,0.4,0.4,0.4,0.4,0.4,0.4,0.4,0.4,0.4,0.4,0.4,0.4,0.4,0.4,0.4,0.4,0.4,0.4,0.4,0.2,0.4,0.2,0.4,0.4,0.3,0.2,0.3,0.4,0.5,0.4,0.3,0.4,0.3,0.4,0.5,0.4,0.4,0.4,0.4,0.4,0.3,0.4,0.3,0.4,0.4,0.4,0.5,0.4,0.3,0.4,0.4,0.3,0.4,0.4,0.3,0.5,0.4,0.4,0.5,0.2,0.4,0.4,0.4,0.3,0.4,0.3,0.4,0.4,0.4,0.4,0.4,0.4,0.4,0.4,0.5,0.4,0.3,0.4,0.3,0.4,0.4,0.4,0.3,0.4,0.5,0.4,0.4,0.4,0.4,0.4,0.3,0.4,0.3,0.5,0.3,0.4,0.4,0.4,0.2,0.3,0.5,0.3,0.3,0.2,0.2,0.4,0.5,0.3,0.4,0.4,0.4,0.4,0.4,0.4,0.4,0.4,0.4,0.4,0.4,0.4,0.4,0.4,0.4,0.4,0.4,0.4,0.4,0.4,0.4,0.4,0.4,0.4,0.4,0.4,0.4,0.4,0.4,0.4,0.4
17446.0,0.4,0.4,0.4,0.4,0.4,0.4,0.4,0.4,0.4,0.4,0.4,0.4,0.4,0.4,0.4,0.4,0.4,0.4,0.4,0.4,0.4,0.4,0.4,0.4,0.4,0.4,0.4,0.4,0.4,0.4,0.2,0.4,0.5,0.5,0.4,0.4,0.2,0.3,0.3,0.2,0.4,0.2,0.3,0.4,0.2,0.4,0.4,0.4,0.5,0.3,0.4,0.4,0.4,0.3,0.4,0.4,0.4,0.4,0.3,0.4,0.5,0.4,0.3,0.4,0.4,0.3,0.3,0.3,0.4,0.4,0.4,0.3,0.4,0.4,0.4,0.4,0.4,0.4,0.4,0.4,0.5,0.4,0.3,0.4,0.3,0.4,0.4,0.5,0.5,0.3,0.2,0.5,0.4,0.4,0.3,0.4,0.5,0.4,0.4,0.3,0.4,0.2,0.3,0.4,0.3,0.3,0.3,0.3,0.4,0.2,0.3,0.3,0.4,0.4,0.3,0.3,0.2,0.4,0.2,0.4,0.4,0.4,0.4,0.4,0.4,0.4,0.4,0.4,0.4,0.4,0.4,0.4,0.4,0.4,0.4,0.4,0.4,0.4,0.4,0.4,0.4,0.4,0.4,0.4,0.4,0.4,0.4,0.4,0.4,0.4,0.4,0.4,0.4,0.4,0.4,0.4,0.4,0.4,0.4,0.4,0.4,0.4,0.4,0.4,0.4,0.4,0.4,0.4,0.4,0.4,0.4,0.4,0.4,0.4,0.4,0.4,0.4,0.4,0.4,0.4,0.2,0.3,0.2,0.4,0.3,0.4,0.4,0.3,0.4,0.4,0.4,0.3,0.4,0.2,0.4,0.3,0.3,0.4,0.5,0.5,0.4,0.2,0.4,0.3,0.4,0.4,0.4,0.5,0.3,0.3,0.4,0.4,0.3,0.4,0.4,0.3,0.4,0.4,0.4,0.5,0.3,0.4,0.3,0.5,0.3,0.4,0.3,0.4,0.5,0.4,0.4,0.4,0.4,0.4,0.4,0.3,0.4,0.3,0.5,0.2,0.4,0.4,0.4,0.3,0.4,0.4,0.4,0.4,0.5,0.4,0.4,0.3,0.4,0.2,0.5,0.3,0.4,0.2,0.5,0.2,0.2,0.4,0.3,0.3,0.2,0.2,0.4,0.5,0.4,0.4,0.4,0.4,0.4,0.4,0.4,0.4,0.4,0.4,0.4,0.4,0.4,0.4,0.4,0.4,0.4,0.4,0.4,0.4,0.4,0.4,0.4,0.4,0.4,0.4,0.4,0.4,0.4,0.4,0.4,0.4
18979.0,0.4,0.4,0.4,0.4,0.4,0.4,0.4,0.4,0.4,0.4,0.4,0.4,0.4,0.4,0.4,0.4,0.4,0.4,0.4,0.4,0.4,0.4,0.4,0.4,0.4,0.4,0.4,0.4,0.4,0.4,0.3,0.4,0.4,0.4,0.4,0.4,0.2,0.4,0.2,0.3,0.4,0.2,0.3,0.3,0.5,0.5,0.4,0.3,0.4,0.3,0.4,0.5,0.4,0.2,0.4,0.3,0.4,0.5,0.4,0.3,0.4,0.5,0.3,0.4,0.4,0.3,0.3,0.3,0.5,0.3,0.5,0.3,0.4,0.4,0.4,0.4,0.4,0.4,0.4,0.4,0.5,0.4,0.3,0.4,0.3,0.4,0.5,0.5,0.4,0.4,0.3,0.5,0.4,0.4,0.3,0.4,0.4,0.5,0.4,0.2,0.3,0.3,0.4,0.4,0.2,0.3,0.3,0.4,0.4,0.2,0.3,0.4,0.3,0.4,0.2,0.4,0.4,0.4,0.4,0.4,0.4,0.4,0.4,0.4,0.4,0.4,0.4,0.4,0.4,0.4,0.4,0.4,0.4,0.4,0.4,0.4,0.4,0.4,0.4,0.4,0.4,0.4,0.4,0.4,0.4,0.4,0.4,0.4,0.4,0.4,0.4,0.4,0.4,0.4,0.4,0.4,0.4,0.4,0.4,0.4,0.4,0.4,0.4,0.4,0.4,0.4,0.4,0.4,0.4,0.4,0.4,0.4,0.4,0.4,0.4,0.4,0.4,0.4,0.4,0.4,0.3,0.2,0.2,0.4,0.2,0.2,0.4,0.2,0.5,0.4,0.4,0.4,0.3,0.2,0.3,0.2,0.4,0.5,0.4,0.4,0.4,0.4,0.4,0.4,0.5,0.4,0.4,0.4,0.3,0.2,0.4,0.4,0.4,0.4,0.3,0.4,0.5,0.4,0.4,0.4,0.3,0.4,0.3,0.5,0.3,0.5,0.3,0.4,0.4,0.3,0.5,0.4,0.4,0.5,0.4,0.3,0.4,0.4,0.4,0.4,0.5,0.4,0.4,0.3,0.4,0.4,0.5,0.4,0.5,0.4,0.4,0.4,0.4,0.2,0.5,0.4,0.5,0.3,0.4,0.4,0.2,0.4,0.3,0.4,0.4,0.3,0.2,0.3,0.4,0.4,0.4,0.4,0.4,0.4,0.4,0.4,0.4,0.4,0.4,0.4,0.4,0.4,0.4,0.4,0.4,0.4,0.4,0.4,0.4,0.4,0.4,0.4,0.4,0.4,0.4,0.4,0.4,0.4,0.4,0.4
19800.0,0.4,0.4,0.4,0.4,0.4,0.4,0.4,0.4,0.4,0.4,0.4,0.4,0.4,0.4,0.4,0.4,0.4,0.4,0.4,0.4,0.4,0.4,0.4,0.4,0.4,0.4,0.4,0.4,0.4,0.4,0.3,0.4,0.5,0.5,0.4,0.3,0.4,0.4,0.2,0.3,0.3,0.2,0.4,0.4,0.4,0.4,0.4,0.4,0.4,0.4,0.4,0.5,0.3,0.3,0.4,0.2,0.5,0.4,0.3,0.3,0.4,0.5,0.3,0.4,0.4,0.3,0.2,0.3,0.4,0.3,0.4,0.3,0.4,0.4,0.4,0.4,0.4,0.5,0.4,0.5,0.4,0.5,0.3,0.5,0.4,0.4,0.5,0.5,0.4,0.5,0.3,0.4,0.4,0.4,0.3,0.4,0.4,0.2,0.3,0.3,0.3,0.2,0.3,0.4,0.2,0.3,0.2,0.3,0.4,0.4,0.4,0.4,0.3,0.4,0.2,0.4,0.4,0.4,0.3,0.4,0.4,0.4,0.4,0.4,0.4,0.4,0.4,0.4,0.4,0.4,0.4,0.4,0.4,0.4,0.4,0.4,0.4,0.4,0.4,0.4,0.4,0.4,0.4,0.4,0.4,0.4,0.4,0.4,0.4,0.4,0.4,0.4,0.4,0.4,0.4,0.4,0.4,0.4,0.4,0.4,0.4,0.4,0.4,0.4,0.4,0.4,0.4,0.4,0.4,0.4,0.4,0.4,0.4,0.4,0.4,0.4,0.4,0.4,0.4,0.4,0.3,0.2,0.2,0.5,0.4,0.4,0.4,0.3,0.4,0.3,0.4,0.4,0.3,0.5,0.2,0.2,0.4,0.4,0.5,0.4,0.4,0.4,0.4,0.4,0.3,0.4,0.4,0.4,0.3,0.2,0.4,0.4,0.4,0.4,0.3,0.4,0.4,0.4,0.4,0.4,0.4,0.4,0.3,0.4,0.4,0.4,0.2,0.4,0.4,0.2,0.5,0.4,0.4,0.4,0.5,0.3,0.5,0.4,0.4,0.4,0.4,0.4,0.4,0.3,0.4,0.5,0.5,0.4,0.4,0.4,0.3,0.4,0.4,0.4,0.3,0.4,0.4,0.4,0.3,0.4,0.3,0.4,0.4,0.3,0.4,0.3,0.2,0.2,0.3,0.4,0.4,0.4,0.4,0.4,0.4,0.4,0.4,0.4,0.4,0.4,0.4,0.4,0.4,0.4,0.4,0.4,0.4,0.4,0.4,0.4,0.4,0.4,0.4,0.4,0.4,0.4,0.4,0.4,0.4,0.4
20929.0,0.4,0.4,0.4,0.4,0.4,0.4,0.4,0.4,0.4,0.4,0.4,0.4,0.4,0.4,0.4,0.4,0.4,0.4,0.4,0.4,0.4,0.4,0.4,0.4,0.4,0.4,0.4,0.4,0.4,0.4,0.2,0.5,0.5,0.3,0.4,0.2,0.4,0.4,0.2,0.3,0.2,0.3,0.4,0.4,0.4,0.3,0.4,0.4,0.5,0.5,0.4,0.5,0.3,0.3,0.4,0.3,0.5,0.4,0.3,0.3,0.5,0.4,0.4,0.3,0.4,0.3,0.3,0.2,0.5,0.3,0.5,0.3,0.4,0.4,0.4,0.4,0.4,0.5,0.4,0.4,0.4,0.5,0.4,0.4,0.3,0.4,0.4,0.5,0.4,0.4,0.3,0.4,0.4,0.4,0.2,0.5,0.4,0.3,0.3,0.3,0.4,0.3,0.4,0.4,0.2,0.3,0.4,0.4,0.3,0.4,0.5,0.4,0.3,0.4,0.4,0.4,0.3,0.3,0.2,0.4,0.4,0.4,0.4,0.4,0.4,0.4,0.4,0.4,0.4,0.4,0.4,0.4,0.4,0.4,0.4,0.4,0.4,0.4,0.4,0.4,0.4,0.4,0.4,0.4,0.4,0.4,0.4,0.4,0.4,0.4,0.4,0.4,0.4,0.4,0.4,0.4,0.4,0.4,0.4,0.4,0.4,0.4,0.4,0.4,0.4,0.4,0.4,0.4,0.4,0.4,0.4,0.4,0.4,0.4,0.4,0.4,0.4,0.4,0.4,0.4,0.5,0.4,0.2,0.3,0.4,0.4,0.4,0.4,0.3,0.3,0.5,0.4,0.4,0.5,0.2,0.2,0.5,0.3,0.4,0.4,0.3,0.3,0.4,0.4,0.2,0.4,0.4,0.4,0.2,0.3,0.4,0.4,0.4,0.4,0.3,0.4,0.4,0.3,0.5,0.4,0.5,0.4,0.3,0.4,0.4,0.3,0.2,0.4,0.4,0.2,0.4,0.4,0.5,0.5,0.5,0.2,0.4,0.4,0.4,0.5,0.4,0.4,0.4,0.3,0.4,0.5,0.5,0.5,0.3,0.4,0.4,0.5,0.4,0.2,0.3,0.3,0.4,0.5,0.2,0.5,0.3,0.4,0.3,0.2,0.4,0.2,0.3,0.2,0.2,0.4,0.4,0.4,0.4,0.4,0.4,0.4,0.4,0.4,0.4,0.4,0.4,0.4,0.4,0.4,0.4,0.4,0.4,0.4,0.4,0.4,0.4,0.4,0.4,0.4,0.4,0.4,0.4,0.4,0.4,0.4
22451.0,0.4,0.4,0.4,0.4,0.4,0.4,0.4,0.4,0.4,0.4,0.4,0.4,0.4,0.4,0.4,0.4,0.4,0.4,0.4,0.4,0.4,0.4,0.4,0.4,0.4,0.4,0.4,0.4,0.4,0.4,0.4,0.5,0.4,0.3,0.4,0.4,0.4,0.5,0.3,0.4,0.2,0.3,0.4,0.4,0.3,0.3,0.4,0.3,0.2,0.4,0.4,0.4,0.3,0.3,0.3,0.3,0.4,0.4,0.3,0.3,0.4,0.4,0.5,0.3,0.4,0.3,0.4,0.3,0.4,0.3,0.5,0.3,0.4,0.4,0.4,0.4,0.1,0.4,0.4,0.4,0.4,0.4,0.4,0.4,0.2,0.5,0.4,0.4,0.4,0.3,0.3,0.4,0.5,0.5,0.3,0.4,0.4,0.1,0.3,0.3,0.5,0.3,0.4,0.4,0.3,0.3,0.4,0.5,0.3,0.4,0.4,0.3,0.3,0.4,0.3,0.4,0.4,0.4,0.5,0.4,0.4,0.4,0.4,0.4,0.4,0.4,0.4,0.4,0.4,0.4,0.4,0.4,0.4,0.4,0.4,0.4,0.4,0.4,0.4,0.4,0.4,0.4,0.4,0.4,0.4,0.4,0.4,0.4,0.4,0.4,0.4,0.4,0.4,0.4,0.4,0.4,0.4,0.4,0.4,0.4,0.4,0.4,0.4,0.4,0.4,0.4,0.4,0.4,0.4,0.4,0.4,0.4,0.4,0.4,0.4,0.4,0.4,0.4,0.4,0.4,0.4,0.4,0.2,0.4,0.3,0.4,0.5,0.4,0.3,0.3,0.5,0.4,0.5,0.5,0.4,0.2,0.5,0.3,0.4,0.4,0.4,0.3,0.4,0.4,0.2,0.4,0.4,0.4,0.3,0.3,0.4,0.4,0.1,0.4,0.2,0.4,0.4,0.4,0.5,0.5,0.4,0.4,0.3,0.4,0.4,0.4,0.3,0.5,0.4,0.3,0.5,0.4,0.3,0.4,0.3,0.3,0.4,0.4,0.4,0.4,0.4,0.4,0.3,0.3,0.4,0.4,0.5,0.3,0.3,0.3,0.4,0.3,0.3,0.4,0.3,0.3,0.4,0.5,0.4,0.3,0.4,0.5,0.4,0.2,0.5,0.2,0.3,0.2,0.2,0.4,0.4,0.4,0.4,0.4,0.4,0.4,0.4,0.4,0.4,0.4,0.4,0.4,0.4,0.4,0.4,0.4,0.4,0.4,0.4,0.4,0.4,0.4,0.4,0.4,0.4,0.4,0.4,0.4,0.4,0.4
23867.0,0.4,0.4,0.4,0.4,0.4,0.4,0.4,0.4,0.4,0.4,0.4,0.4,0.4,0.4,0.4,0.4,0.4,0.4,0.4,0.4,0.4,0.4,0.4,0.4,0.4,0.4,0.4,0.4,0.4,0.4,0.5,0.4,0.4,0.2,0.4,0.3,0.3,0.4,0.2,0.4,0.3,0.4,0.4,0.4,0.4,0.4,0.4,0.2,0.5,0.3,0.5,0.5,0.4,0.3,0.4,0.4,0.4,0.4,0.2,0.3,0.4,0.3,0.3,0.3,0.3,0.4,0.4,0.4,0.4,0.3,0.3,0.3,0.4,0.4,0.4,0.4,0.2,0.4,0.3,0.5,0.4,0.4,0.4,0.4,0.2,0.4,0.3,0.4,0.4,0.4,0.3,0.2,0.3,0.4,0.2,0.5,0.4,0.3,0.3,0.3,0.4,0.4,0.3,0.4,0.2,0.2,0.2,0.4,0.2,0.3,0.5,0.2,0.3,0.3,0.3,0.3,0.4,0.3,0.4,0.4,0.4,0.4,0.4,0.4,0.4,0.4,0.4,0.4,0.4,0.4,0.4,0.4,0.4,0.4,0.4,0.4,0.4,0.4,0.4,0.4,0.4,0.4,0.4,0.4,0.4,0.4,0.4,0.4,0.4,0.4,0.4,0.4,0.4,0.4,0.4,0.4,0.4,0.4,0.4,0.4,0.4,0.4,0.4,0.4,0.4,0.4,0.4,0.4,0.4,0.4,0.4,0.4,0.4,0.4,0.4,0.4,0.4,0.4,0.4,0.4,0.4,0.4,0.4,0.3,0.2,0.5,0.3,0.3,0.2,0.2,0.3,0.3,0.4,0.5,0.4,0.4,0.4,0.2,0.4,0.4,0.4,0.3,0.4,0.4,0.4,0.4,0.4,0.4,0.3,0.4,0.5,0.4,0.3,0.3,0.3,0.4,0.4,0.4,0.4,0.4,0.4,0.4,0.3,0.4,0.4,0.4,0.3,0.4,0.4,0.3,0.4,0.5,0.3,0.4,0.4,0.3,0.5,0.4,0.4,0.4,0.4,0.4,0.2,0.3,0.4,0.4,0.4,0.5,0.3,0.2,0.4,0.4,0.3,0.4,0.4,0.4,0.4,0.3,0.4,0.3,0.4,0.5,0.4,0.3,0.4,0.2,0.2,0.2,0.3,0.4,0.4,0.4,0.4,0.4,0.4,0.4,0.4,0.4,0.4,0.4,0.4,0.4,0.4,0.4,0.4,0.4,0.4,0.4,0.4,0.4,0.4,0.4,0.4,0.4,0.4,0.4,0.4,0.4,0.4,0.4
24698.0,0.4,0.4,0.4,0.4,0.4,0.4,0.4,0.4,0.4,0.4,0.4,0.4,0.4,0.4,0.4,0.4,0.4,0.4,0.4,0.4,0.4,0.4,0.4,0.4,0.4,0.4,0.4,0.4,0.4,0.4,0.5,0.4,0.4,0.4,0.5,0.2,0.3,0.4,0.2,0.3,0.2,0.4,0.4,0.4,0.4,0.5,0.4,0.2,0.4,0.4,0.3,0.5,0.4,0.3,0.4,0.4,0.4,0.4,0.3,0.3,0.4,0.4,0.3,0.4,0.4,0.3,0.5,0.4,0.4,0.3,0.4,0.3,0.4,0.4,0.4,0.4,0.4,0.4,0.4,0.4,0.4,0.4,0.4,0.5,0.3,0.4,0.4,0.5,0.4,0.4,0.2,0.3,0.3,0.5,0.3,0.4,0.4,0.3,0.4,0.3,0.3,0.4,0.3,0.3,0.3,0.2,0.2,0.3,0.2,0.4,0.4,0.2,0.4,0.3,0.3,0.3,0.4,0.4,0.3,0.4,0.4,0.4,0.4,0.4,0.4,0.4,0.4,0.4,0.4,0.4,0.4,0.4,0.4,0.4,0.4,0.4,0.4,0.4,0.4,0.4,0.4,0.4,0.4,0.4,0.4,0.4,0.4,0.4,0.4,0.4,0.4,0.4,0.4,0.4,0.4,0.4,0.4,0.4,0.4,0.4,0.4,0.4,0.4,0.4,0.4,0.4,0.4,0.4,0.4,0.4,0.4,0.4,0.4,0.4,0.4,0.4,0.4,0.4,0.4,0.4,0.4,0.4,0.4,0.4,0.3,0.5,0.3,0.3,0.4,0.4,0.3,0.2,0.4,0.5,0.4,0.5,0.4,0.2,0.4,0.4,0.4,0.3,0.5,0.5,0.4,0.4,0.4,0.4,0.3,0.4,0.5,0.4,0.3,0.3,0.2,0.4,0.4,0.4,0.5,0.4,0.4,0.4,0.2,0.4,0.4,0.4,0.3,0.5,0.4,0.3,0.4,0.4,0.4,0.4,0.4,0.3,0.4,0.4,0.4,0.4,0.4,0.4,0.3,0.3,0.5,0.4,0.4,0.4,0.2,0.3,0.4,0.4,0.4,0.4,0.4,0.4,0.4,0.4,0.4,0.3,0.3,0.4,0.3,0.4,0.4,0.3,0.4,0.2,0.2,0.4,0.4,0.4,0.4,0.4,0.4,0.4,0.4,0.4,0.4,0.4,0.4,0.4,0.4,0.4,0.4,0.4,0.4,0.4,0.4,0.4,0.4,0.4,0.4,0.4,0.4,0.4,0.4,0.4,0.4,0.4
25304.0,0.4,0.4,0.4,0.4,0.4,0.4,0.4,0.4,0.4,0.4,0.4,0.4,0.4,0.4,0.4,0.4,0.4,0.4,0.4,0.4,0.4,0.4,0.4,0.4,0.4,0.4,0.4,0.4,0.4,0.4,0.4,0.4,0.5,0.4,0.5,0.2,0.3,0.5,0.2,0.3,0.2,0.4,0.5,0.3,0.4,0.4,0.4,0.2,0.4,0.4,0.3,0.4,0.3,0.3,0.4,0.4,0.3,0.4,0.2,0.3,0.4,0.4,0.3,0.4,0.4,0.3,0.5,0.4,0.4,0.2,0.4,0.3,0.4,0.4,0.3,0.4,0.4,0.4,0.4,0.5,0.5,0.4,0.4,0.5,0.3,0.4,0.4,0.5,0.4,0.5,0.4,0.4,0.2,0.4,0.3,0.4,0.4,0.3,0.4,0.3,0.3,0.4,0.3,0.3,0.3,0.2,0.2,0.4,0.3,0.4,0.4,0.4,0.4,0.2,0.4,0.3,0.4,0.4,0.3,0.4,0.4,0.4,0.4,0.4,0.4,0.4,0.4,0.4,0.4,0.4,0.4,0.4,0.4,0.4,0.4,0.4,0.4,0.4,0.4,0.4,0.4,0.4,0.4,0.4,0.4,0.4,0.4,0.4,0.4,0.4,0.4,0.4,0.4,0.4,0.4,0.4,0.4,0.4,0.4,0.4,0.4,0.4,0.4,0.4,0.4,0.4,0.4,0.4,0.4,0.4,0.4,0.4,0.4,0.4,0.4,0.4,0.4,0.4,0.4,0.4,0.4,0.4,0.4,0.4,0.3,0.4,0.2,0.3,0.3,0.4,0.3,0.2,0.4,0.5,0.4,0.4,0.4,0.4,0.3,0.4,0.4,0.3,0.4,0.5,0.4,0.4,0.4,0.4,0.3,0.4,0.5,0.4,0.4,0.3,0.2,0.4,0.5,0.5,0.5,0.4,0.4,0.4,0.2,0.5,0.4,0.4,0.3,0.5,0.4,0.3,0.4,0.4,0.4,0.4,0.4,0.3,0.4,0.4,0.4,0.4,0.4,0.3,0.2,0.3,0.4,0.4,0.4,0.4,0.2,0.3,0.4,0.4,0.4,0.4,0.4,0.4,0.4,0.4,0.4,0.2,0.3,0.4,0.2,0.3,0.4,0.3,0.4,0.2,0.2,0.4,0.4,0.4,0.4,0.4,0.4,0.4,0.4,0.4,0.4,0.4,0.4,0.4,0.4,0.4,0.4,0.4,0.4,0.4,0.4,0.4,0.4,0.4,0.4,0.4,0.4,0.4,0.4,0.4,0.4,0.4
25920.0,0.4,0.4,0.4,0.4,0.4,0.4,0.4,0.4,0.4,0.4,0.4,0.4,0.4,0.4,0.4,0.4,0.4,0.4,0.4,0.4,0.4,0.4,0.4,0.4,0.4,0.4,0.4,0.4,0.4,0.4,0.4,0.3,0.5,0.4,0.5,0.4,0.2,0.3,0.2,0.2,0.2,0.4,0.5,0.3,0.4,0.4,0.4,0.3,0.4,0.4,0.3,0.4,0.4,0.3,0.4,0.5,0.3,0.4,0.2,0.3,0.4,0.4,0.4,0.4,0.4,0.3,0.5,0.4,0.4,0.4,0.4,0.3,0.5,0.4,0.3,0.4,0.4,0.4,0.4,0.5,0.5,0.4,0.4,0.4,0.4,0.4,0.4,0.5,0.4,0.5,0.4,0.4,0.2,0.4,0.3,0.4,0.4,0.3,0.3,0.3,0.3,0.4,0.3,0.2,0.4,0.4,0.2,0.4,0.3,0.4,0.4,0.4,0.3,0.2,0.4,0.3,0.4,0.3,0.3,0.4,0.4,0.4,0.4,0.4,0.4,0.4,0.4,0.4,0.4,0.4,0.4,0.4,0.4,0.4,0.4,0.4,0.4,0.4,0.4,0.4,0.4,0.4,0.4,0.4,0.4,0.4,0.4,0.4,0.4,0.4,0.4,0.4,0.4,0.4,0.4,0.4,0.4,0.4,0.4,0.4,0.4,0.4,0.4,0.4,0.4,0.4,0.4,0.4,0.4,0.4,0.4,0.4,0.4,0.4,0.4,0.4,0.4,0.4,0.4,0.4,0.4,0.4,0.4,0.3,0.2,0.4,0.2,0.4,0.3,0.3,0.3,0.3,0.4,0.5,0.4,0.4,0.4,0.4,0.3,0.4,0.4,0.3,0.4,0.4,0.5,0.4,0.4,0.4,0.3,0.3,0.4,0.4,0.4,0.3,0.3,0.5,0.5,0.5,0.5,0.4,0.4,0.5,0.2,0.5,0.5,0.4,0.3,0.5,0.4,0.3,0.4,0.5,0.4,0.4,0.4,0.3,0.4,0.4,0.5,0.5,0.4,0.3,0.2,0.3,0.5,0.4,0.4,0.4,0.3,0.4,0.4,0.4,0.4,0.3,0.4,0.4,0.4,0.4,0.4,0.2,0.2,0.4,0.2,0.3,0.5,0.4,0.4,0.2,0.2,0.4,0.4,0.4,0.4,0.4,0.4,0.4,0.4,0.4,0.4,0.4,0.4,0.4,0.4,0.4,0.4,0.4,0.4,0.4,0.4,0.4,0.4,0.4,0.4,0.4,0.4,0.4,0.4,0.4,0.4,0.4
27051.0,0.4,0.4,0.4,0.4,0.4,0.4,0.4,0.4,0.4,0.4,0.4,0.4,0.4,0.4,0.4,0.4,0.4,0.4,0.4,0.4,0.4,0.4,0.4,0.4,0.4,0.4,0.4,0.4,0.4,0.4,0.4,0.2,0.5,0.2,0.2,0.4,0.2,0.2,0.2,0.2,0.2,0.4,0.4,0.3,0.4,0.5,0.3,0.3,0.4,0.4,0.3,0.4,0.3,0.3,0.4,0.5,0.3,0.5,0.4,0.3,0.4,0.4,0.4,0.4,0.4,0.3,0.5,0.4,0.4,0.5,0.4,0.4,0.5,0.4,0.3,0.4,0.4,0.5,0.5,0.4,0.4,0.4,0.5,0.4,0.5,0.4,0.4,0.4,0.4,0.5,0.4,0.4,0.3,0.3,0.3,0.4,0.4,0.2,0.3,0.3,0.3,0.4,0.2,0.4,0.3,0.3,0.3,0.4,0.3,0.5,0.4,0.4,0.3,0.4,0.5,0.2,0.3,0.3,0.3,0.4,0.4,0.4,0.4,0.4,0.4,0.4,0.4,0.4,0.4,0.4,0.4,0.4,0.4,0.4,0.4,0.4,0.4,0.4,0.4,0.4,0.4,0.4,0.4,0.4,0.4,0.4,0.4,0.4,0.4,0.4,0.4,0.4,0.4,0.4,0.4,0.4,0.4,0.4,0.4,0.4,0.4,0.4,0.4,0.4,0.4,0.4,0.4,0.4,0.4,0.4,0.4,0.4,0.4,0.4,0.4,0.4,0.4,0.4,0.4,0.4,0.4,0.4,0.3,0.3,0.4,0.4,0.2,0.3,0.4,0.3,0.2,0.4,0.4,0.4,0.4,0.4,0.4,0.4,0.3,0.4,0.4,0.4,0.4,0.4,0.5,0.4,0.4,0.4,0.4,0.4,0.4,0.4,0.4,0.3,0.3,0.5,0.5,0.5,0.4,0.4,0.4,0.4,0.2,0.4,0.4,0.4,0.3,0.5,0.4,0.4,0.4,0.4,0.4,0.4,0.4,0.3,0.4,0.4,0.5,0.4,0.4,0.3,0.2,0.3,0.4,0.4,0.4,0.4,0.4,0.3,0.4,0.3,0.4,0.2,0.5,0.4,0.5,0.4,0.4,0.4,0.2,0.4,0.2,0.2,0.3,0.3,0.4,0.2,0.4,0.4,0.4,0.4,0.4,0.4,0.4,0.4,0.4,0.4,0.4,0.4,0.4,0.4,0.4,0.4,0.4,0.4,0.4,0.4,0.4,0.4,0.4,0.4,0.4,0.4,0.4,0.4,0.4,0.4,0.4,0.4
28069.0,0.4,0.4,0.4,0.4,0.4,0.4,0.4,0.4,0.4,0.4,0.4,0.4,0.4,0.4,0.4,0.4,0.4,0.4,0.4,0.4,0.4,0.4,0.4,0.4,0.4,0.4,0.4,0.4,0.4,0.4,0.2,0.4,0.5,0.2,0.2,0.3,0.3,0.2,0.4,0.2,0.2,0.4,0.4,0.2,0.4,0.4,0.2,0.2,0.4,0.4,0.3,0.4,0.3,0.2,0.4,0.3,0.3,0.5,0.4,0.2,0.4,0.3,0.4,0.4,0.5,0.4,0.4,0.4,0.4,0.4,0.4,0.4,0.5,0.4,0.3,0.4,0.5,0.5,0.4,0.4,0.5,0.4,0.5,0.4,0.3,0.5,0.4,0.4,0.4,0.4,0.5,0.5,0.3,0.3,0.2,0.4,0.4,0.3,0.4,0.2,0.2,0.4,0.3,0.4,0.3,0.3,0.4,0.4,0.4,0.4,0.4,0.4,0.4,0.4,0.4,0.2,0.2,0.4,0.3,0.4,0.4,0.4,0.4,0.4,0.4,0.4,0.4,0.4,0.4,0.4,0.4,0.4,0.4,0.4,0.4,0.4,0.4,0.4,0.4,0.4,0.4,0.4,0.4,0.4,0.4,0.4,0.4,0.4,0.4,0.4,0.4,0.4,0.4,0.4,0.4,0.4,0.4,0.4,0.4,0.4,0.4,0.4,0.4,0.4,0.4,0.4,0.4,0.4,0.4,0.4,0.4,0.4,0.4,0.4,0.4,0.4,0.4,0.4,0.4,0.4,0.4,0.4,0.2,0.3,0.3,0.4,0.3,0.3,0.4,0.3,0.2,0.4,0.4,0.5,0.5,0.4,0.3,0.3,0.3,0.4,0.4,0.4,0.4,0.4,0.4,0.4,0.5,0.4,0.4,0.4,0.5,0.3,0.4,0.2,0.4,0.4,0.5,0.4,0.4,0.4,0.3,0.4,0.3,0.4,0.4,0.4,0.3,0.4,0.4,0.5,0.4,0.4,0.4,0.4,0.3,0.2,0.4,0.5,0.5,0.3,0.3,0.3,0.3,0.4,0.4,0.4,0.4,0.4,0.4,0.3,0.5,0.3,0.4,0.2,0.4,0.4,0.3,0.4,0.4,0.5,0.3,0.4,0.3,0.2,0.2,0.2,0.4,0.2,0.4,0.4,0.4,0.4,0.4,0.4,0.4,0.4,0.4,0.4,0.4,0.4,0.4,0.4,0.4,0.4,0.4,0.4,0.4,0.4,0.4,0.4,0.4,0.4,0.4,0.4,0.4,0.4,0.4,0.4,0.4,0.4
28779.0,0.4,0.4,0.4,0.4,0.4,0.4,0.4,0.4,0.4,0.4,0.4,0.4,0.4,0.4,0.4,0.4,0.4,0.4,0.4,0.4,0.4,0.4,0.4,0.4,0.4,0.4,0.4,0.4,0.4,0.4,0.4,0.4,0.5,0.2,0.2,0.3,0.3,0.3,0.4,0.3,0.2,0.4,0.4,0.2,0.4,0.4,0.2,0.3,0.4,0.4,0.3,0.4,0.3,0.4,0.4,0.4,0.3,0.5,0.5,0.2,0.4,0.3,0.4,0.4,0.4,0.5,0.4,0.4,0.4,0.4,0.4,0.4,0.4,0.4,0.3,0.5,0.4,0.4,0.3,0.4,0.4,0.5,0.5,0.5,0.4,0.4,0.4,0.4,0.5,0.5,0.4,0.4,0.4,0.3,0.3,0.4,0.4,0.3,0.4,0.2,0.3,0.4,0.3,0.4,0.3,0.3,0.4,0.4,0.4,0.4,0.4,0.4,0.5,0.4,0.4,0.4,0.2,0.4,0.2,0.4,0.4,0.4,0.4,0.4,0.4,0.4,0.4,0.4,0.4,0.4,0.4,0.4,0.4,0.4,0.4,0.4,0.4,0.4,0.4,0.4,0.4,0.4,0.4,0.4,0.4,0.4,0.4,0.4,0.4,0.4,0.4,0.4,0.4,0.4,0.4,0.4,0.4,0.4,0.4,0.4,0.4,0.4,0.4,0.4,0.4,0.4,0.4,0.4,0.4,0.4,0.4,0.4,0.4,0.4,0.4,0.4,0.4,0.4,0.4,0.4,0.4,0.3,0.2,0.4,0.3,0.4,0.2,0.3,0.4,0.3,0.3,0.4,0.4,0.5,0.4,0.3,0.3,0.3,0.3,0.4,0.4,0.4,0.4,0.4,0.4,0.4,0.5,0.4,0.5,0.4,0.4,0.3,0.4,0.3,0.4,0.4,0.5,0.4,0.4,0.4,0.3,0.4,0.3,0.5,0.4,0.4,0.3,0.4,0.4,0.5,0.4,0.5,0.4,0.4,0.3,0.4,0.4,0.5,0.4,0.3,0.3,0.3,0.3,0.4,0.5,0.3,0.4,0.4,0.5,0.3,0.5,0.3,0.4,0.3,0.4,0.4,0.4,0.3,0.3,0.4,0.2,0.4,0.4,0.2,0.2,0.4,0.4,0.2,0.4,0.4,0.4,0.4,0.4,0.4,0.4,0.4,0.4,0.4,0.4,0.4,0.4,0.4,0.4,0.4,0.4,0.4,0.4,0.4,0.4,0.4,0.4,0.4,0.4,0.4,0.4,0.4,0.4,0.4,0.4,0.4
30000.0,0.4,0.4,0.4,0.4,0.4,0.4,0.4,0.4,0.4,0.4,0.4,0.4,0.4,0.4,0.4,0.4,0.4,0.4,0.4,0.4,0.4,0.4,0.4,0.4,0.4,0.4,0.4,0.4,0.4,0.4,0.4,0.2,0.4,0.2,0.2,0.3,0.4,0.3,0.3,0.3,0.3,0.4,0.4,0.3,0.4,0.3,0.2,0.2,0.4,0.3,0.3,0.4,0.3,0.4,0.4,0.5,0.3,0.4,0.4,0.2,0.5,0.3,0.4,0.5,0.4,0.4,0.5,0.5,0.4,0.5,0.5,0.4,0.4,0.4,0.3,0.4,0.5,0.4,0.3,0.4,0.4,0.4,0.4,0.4,0.4,0.4,0.4,0.4,0.5,0.4,0.4,0.3,0.4,0.3,0.2,0.4,0.5,0.4,0.5,0.4,0.2,0.4,0.4,0.5,0.3,0.3,0.3,0.2,0.2,0.4,0.4,0.4,0.5,0.3,0.3,0.4,0.2,0.2,0.2,0.4,0.4,0.4,0.4,0.4,0.4,0.4,0.4,0.4,0.4,0.4,0.4,0.4,0.4,0.4,0.4,0.4,0.4,0.4,0.4,0.4,0.4,0.4,0.4,0.4,0.4,0.4,0.4,0.4,0.4,0.4,0.4,0.4,0.4,0.4,0.4,0.4,0.4,0.4,0.4,0.4,0.4,0.4,0.4,0.4,0.4,0.4,0.4,0.4,0.4,0.4,0.4,0.4,0.4,0.4,0.4,0.4,0.4,0.4,0.4,0.4,0.3,0.2,0.3,0.4,0.3,0.3,0.2,0.4,0.4,0.3,0.4,0.4,0.4,0.5,0.3,0.4,0.4,0.2,0.3,0.4,0.4,0.4,0.4,0.4,0.4,0.4,0.4,0.4,0.4,0.5,0.4,0.3,0.4,0.3,0.4,0.4,0.4,0.4,0.5,0.4,0.3,0.4,0.3,0.4,0.4,0.5,0.3,0.3,0.4,0.4,0.4,0.4,0.4,0.5,0.3,0.4,0.5,0.4,0.3,0.2,0.3,0.3,0.3,0.4,0.5,0.3,0.4,0.4,0.4,0.4,0.3,0.5,0.4,0.2,0.3,0.4,0.4,0.3,0.3,0.5,0.4,0.3,0.4,0.2,0.2,0.3,0.3,0.4,0.4,0.4,0.4,0.4,0.4,0.4,0.4,0.4,0.4,0.4,0.4,0.4,0.4,0.4,0.4,0.4,0.4,0.4,0.4,0.4,0.4,0.4,0.4,0.4,0.4,0.4,0.4,0.4,0.4,0.4,0.4,0.4
30732.0,0.4,0.4,0.4,0.4,0.4,0.4,0.4,0.4,0.4,0.4,0.4,0.4,0.4,0.4,0.4,0.4,0.4,0.4,0.4,0.4,0.4,0.4,0.4,0.4,0.4,0.4,0.4,0.4,0.4,0.4,0.4,0.2,0.4,0.3,0.2,0.4,0.4,0.2,0.3,0.4,0.4,0.5,0.4,0.4,0.5,0.3,0.3,0.2,0.3,0.2,0.3,0.4,0.4,0.4,0.5,0.4,0.3,0.4,0.4,0.2,0.4,0.3,0.4,0.5,0.4,0.4,0.5,0.3,0.4,0.4,0.5,0.4,0.5,0.3,0.3,0.4,0.5,0.3,0.3,0.5,0.4,0.3,0.4,0.4,0.4,0.4,0.4,0.4,0.3,0.4,0.5,0.2,0.4,0.2,0.2,0.4,0.5,0.4,0.4,0.4,0.3,0.5,0.4,0.5,0.2,0.2,0.2,0.2,0.2,0.3,0.4,0.4,0.5,0.3,0.2,0.4,0.4,0.4,0.2,0.4,0.4,0.4,0.4,0.4,0.4,0.4,0.4,0.4,0.4,0.4,0.4,0.4,0.4,0.4,0.4,0.4,0.4,0.4,0.4,0.4,0.4,0.4,0.4,0.4,0.4,0.4,0.4,0.4,0.4,0.4,0.4,0.4,0.4,0.4,0.4,0.4,0.4,0.4,0.4,0.4,0.4,0.4,0.4,0.4,0.4,0.4,0.4,0.4,0.4,0.4,0.4,0.4,0.4,0.4,0.4,0.4,0.4,0.4,0.4,0.4,0.2,0.2,0.3,0.4,0.2,0.3,0.2,0.4,0.5,0.4,0.3,0.3,0.4,0.3,0.4,0.4,0.4,0.2,0.3,0.4,0.4,0.4,0.4,0.3,0.4,0.4,0.4,0.4,0.4,0.5,0.4,0.3,0.4,0.3,0.4,0.4,0.4,0.3,0.4,0.4,0.4,0.4,0.3,0.4,0.4,0.4,0.3,0.3,0.4,0.4,0.4,0.4,0.4,0.5,0.3,0.4,0.5,0.4,0.2,0.4,0.3,0.4,0.3,0.4,0.4,0.3,0.3,0.4,0.4,0.5,0.3,0.5,0.5,0.2,0.2,0.4,0.3,0.4,0.3,0.4,0.4,0.3,0.4,0.2,0.3,0.2,0.3,0.3,0.3,0.4,0.4,0.4,0.4,0.4,0.4,0.4,0.4,0.4,0.4,0.4,0.4,0.4,0.4,0.4,0.4,0.4,0.4,0.4,0.4,0.4,0.4,0.4,0.4,0.4,0.4,0.4,0.4,0.4,0.4,0.4
31359.0,0.4,0.4,0.4,0.4,0.4,0.4,0.4,0.4,0.4,0.4,0.4,0.4,0.4,0.4,0.4,0.4,0.4,0.4,0.4,0.4,0.4,0.4,0.4,0.4,0.4,0.4,0.4,0.4,0.4,0.4,0.4,0.2,0.4,0.3,0.3,0.4,0.5,0.2,0.2,0.3,0.4,0.5,0.4,0.4,0.5,0.2,0.3,0.2,0.3,0.2,0.3,0.4,0.4,0.4,0.5,0.4,0.3,0.4,0.4,0.2,0.4,0.3,0.5,0.5,0.4,0.4,0.4,0.3,0.4,0.4,0.4,0.4,0.5,0.3,0.3,0.4,0.4,0.3,0.3,0.5,0.4,0.3,0.4,0.4,0.4,0.4,0.3,0.4,0.2,0.4,0.3,0.3,0.4,0.4,0.2,0.4,0.4,0.5,0.4,0.5,0.2,0.5,0.4,0.4,0.2,0.2,0.2,0.3,0.2,0.4,0.3,0.4,0.4,0.3,0.2,0.4,0.4,0.4,0.2,0.4,0.4,0.4,0.4,0.4,0.4,0.4,0.4,0.4,0.4,0.4,0.4,0.4,0.4,0.4,0.4,0.4,0.4,0.4,0.4,0.4,0.4,0.4,0.4,0.4,0.4,0.4,0.4,0.4,0.4,0.4,0.4,0.4,0.4,0.4,0.4,0.4,0.4,0.4,0.4,0.4,0.4,0.4,0.4,0.4,0.4,0.4,0.4,0.4,0.4,0.4,0.4,0.4,0.4,0.4,0.4,0.4,0.4,0.4,0.4,0.4,0.2,0.2,0.3,0.4,0.2,0.3,0.2,0.4,0.5,0.5,0.3,0.3,0.4,0.3,0.4,0.4,0.4,0.4,0.3,0.4,0.4,0.4,0.4,0.2,0.4,0.4,0.4,0.3,0.4,0.5,0.4,0.3,0.4,0.3,0.4,0.4,0.4,0.3,0.4,0.5,0.4,0.4,0.2,0.4,0.4,0.4,0.3,0.3,0.5,0.4,0.4,0.4,0.4,0.4,0.3,0.4,0.5,0.4,0.2,0.4,0.3,0.4,0.3,0.4,0.4,0.4,0.3,0.4,0.4,0.5,0.3,0.4,0.5,0.4,0.2,0.4,0.3,0.3,0.2,0.5,0.4,0.4,0.4,0.2,0.4,0.2,0.3,0.4,0.3,0.4,0.4,0.4,0.4,0.4,0.4,0.4,0.4,0.4,0.4,0.4,0.4,0.4,0.4,0.4,0.4,0.4,0.4,0.4,0.4,0.4,0.4,0.4,0.4,0.4,0.4,0.4,0.4,0.4,0.4,0.4
32665.0,0.4,0.4,0.4,0.4,0.4,0.4,0.4,0.4,0.4,0.4,0.4,0.4,0.4,0.4,0.4,0.4,0.4,0.4,0.4,0.4,0.4,0.4,0.4,0.4,0.4,0.4,0.4,0.4,0.4,0.4,0.4,0.4,0.4,0.2,0.4,0.4,0.5,0.4,0.4,0.3,0.4,0.4,0.4,0.3,0.4,0.4,0.3,0.3,0.4,0.4,0.3,0.5,0.5,0.4,0.4,0.4,0.4,0.5,0.4,0.2,0.4,0.3,0.4,0.4,0.4,0.4,0.4,0.3,0.4,0.4,0.4,0.4,0.5,0.3,0.3,0.4,0.5,0.3,0.2,0.4,0.4,0.3,0.4,0.4,0.4,0.4,0.4,0.4,0.3,0.4,0.3,0.3,0.4,0.4,0.4,0.4,0.4,0.4,0.4,0.5,0.4,0.4,0.3,0.3,0.4,0.5,0.3,0.5,0.3,0.4,0.3,0.4,0.4,0.2,0.4,0.2,0.3,0.4,0.4,0.4,0.4,0.4,0.4,0.4,0.4,0.4,0.4,0.4,0.4,0.4,0.4,0.4,0.4,0.4,0.4,0.4,0.4,0.4,0.4,0.4,0.4,0.4,0.4,0.4,0.4,0.4,0.4,0.4,0.4,0.4,0.4,0.4,0.4,0.4,0.4,0.4,0.4,0.4,0.4,0.4,0.4,0.4,0.4,0.4,0.4,0.4,0.4,0.4,0.4,0.4,0.4,0.4,0.4,0.4,0.4,0.4,0.4,0.4,0.4,0.4,0.2,0.4,0.2,0.4,0.4,0.2,0.4,0.4,0.4,0.5,0.3,0.3,0.4,0.4,0.3,0.4,0.4,0.5,0.3,0.3,0.4,0.4,0.4,0.3,0.3,0.4,0.5,0.3,0.4,0.5,0.5,0.3,0.3,0.2,0.5,0.4,0.4,0.3,0.5,0.4,0.4,0.4,0.3,0.4,0.4,0.4,0.4,0.3,0.4,0.4,0.5,0.4,0.4,0.4,0.3,0.4,0.4,0.4,0.3,0.4,0.4,0.4,0.2,0.4,0.4,0.4,0.2,0.4,0.4,0.4,0.4,0.4,0.4,0.4,0.3,0.4,0.4,0.4,0.3,0.5,0.4,0.4,0.4,0.2,0.3,0.2,0.4,0.2,0.2,0.4,0.4,0.4,0.4,0.4,0.4,0.4,0.4,0.4,0.4,0.4,0.4,0.4,0.4,0.4,0.4,0.4,0.4,0.4,0.4,0.4,0.4,0.4,0.4,0.4,0.4,0.4,0.4,0.4,0.4,0.4
34093.0,0.4,0.4,0.4,0.4,0.4,0.4,0.4,0.4,0.4,0.4,0.4,0.4,0.4,0.4,0.4,0.4,0.4,0.4,0.4,0.4,0.4,0.4,0.4,0.4,0.4,0.4,0.4,0.4,0.4,0.4,0.2,0.4,0.4,0.2,0.4,0.2,0.4,0.4,0.5,0.4,0.4,0.3,0.3,0.3,0.3,0.4,0.3,0.4,0.4,0.4,0.3,0.4,0.4,0.4,0.4,0.4,0.3,0.5,0.4,0.3,0.4,0.4,0.5,0.4,0.4,0.4,0.5,0.4,0.5,0.4,0.5,0.4,0.3,0.4,0.4,0.4,0.3,0.3,0.3,0.4,0.4,0.3,0.4,0.4,0.4,0.4,0.3,0.4,0.3,0.4,0.4,0.3,0.4,0.4,0.4,0.4,0.3,0.4,0.5,0.3,0.4,0.3,0.4,0.4,0.4,0.5,0.4,0.4,0.3,0.4,0.2,0.5,0.4,0.4,0.3,0.3,0.3,0.3,0.3,0.4,0.4,0.4,0.4,0.4,0.4,0.4,0.4,0.4,0.4,0.4,0.4,0.4,0.4,0.4,0.4,0.4,0.4,0.4,0.4,0.4,0.4,0.4,0.4,0.4,0.4,0.4,0.4,0.4,0.4,0.4,0.4,0.4,0.4,0.4,0.4,0.4,0.4,0.4,0.4,0.4,0.4,0.4,0.4,0.4,0.4,0.4,0.4,0.4,0.4,0.4,0.4,0.4,0.4,0.4,0.4,0.4,0.4,0.4,0.4,0.4,0.4,0.3,0.2,0.4,0.4,0.2,0.3,0.3,0.4,0.5,0.5,0.3,0.5,0.5,0.2,0.2,0.4,0.3,0.3,0.3,0.5,0.4,0.4,0.4,0.4,0.4,0.4,0.3,0.4,0.4,0.5,0.4,0.3,0.4,0.4,0.4,0.5,0.3,0.5,0.5,0.5,0.5,0.2,0.5,0.4,0.5,0.5,0.3,0.4,0.5,0.5,0.4,0.4,0.4,0.2,0.4,0.4,0.4,0.4,0.3,0.4,0.4,0.3,0.4,0.4,0.4,0.2,0.5,0.4,0.4,0.4,0.5,0.3,0.4,0.2,0.4,0.4,0.4,0.3,0.4,0.4,0.4,0.4,0.2,0.2,0.4,0.4,0.2,0.3,0.4,0.4,0.4,0.4,0.4,0.4,0.4,0.4,0.4,0.4,0.4,0.4,0.4,0.4,0.4,0.4,0.4,0.4,0.4,0.4,0.4,0.4,0.4,0.4,0.4,0.4,0.4,0.4,0.4,0.4,0.4
35022.0,0.4,0.4,0.4,0.4,0.4,0.4,0.4,0.4,0.4,0.4,0.4,0.4,0.4,0.4,0.4,0.4,0.4,0.4,0.4,0.4,0.4,0.4,0.4,0.4,0.4,0.4,0.4,0.4,0.4,0.4,0.2,0.4,0.4,0.2,0.4,0.4,0.3,0.4,0.4,0.4,0.4,0.4,0.2,0.4,0.4,0.3,0.4,0.4,0.4,0.4,0.3,0.4,0.4,0.4,0.4,0.4,0.3,0.5,0.4,0.3,0.4,0.4,0.4,0.4,0.5,0.4,0.3,0.4,0.5,0.4,0.3,0.5,0.3,0.4,0.4,0.5,0.3,0.3,0.3,0.4,0.5,0.4,0.4,0.5,0.4,0.4,0.3,0.4,0.3,0.4,0.4,0.3,0.4,0.4,0.4,0.4,0.3,0.4,0.4,0.3,0.4,0.4,0.4,0.4,0.4,0.4,0.3,0.4,0.2,0.4,0.3,0.3,0.4,0.3,0.4,0.2,0.3,0.2,0.2,0.4,0.4,0.4,0.4,0.4,0.4,0.4,0.4,0.4,0.4,0.4,0.4,0.4,0.4,0.4,0.4,0.4,0.4,0.4,0.4,0.4,0.4,0.4,0.4,0.4,0.4,0.4,0.4,0.4,0.4,0.4,0.4,0.4,0.4,0.4,0.4,0.4,0.4,0.4,0.4,0.4,0.4,0.4,0.4,0.4,0.4,0.4,0.4,0.4,0.4,0.4,0.4,0.4,0.4,0.4,0.4,0.4,0.4,0.4,0.4,0.4,0.3,0.2,0.4,0.4,0.4,0.4,0.2,0.4,0.4,0.5,0.5,0.4,0.4,0.4,0.2,0.2,0.4,0.3,0.3,0.2,0.5,0.4,0.4,0.3,0.5,0.4,0.4,0.2,0.4,0.4,0.4,0.4,0.3,0.4,0.3,0.4,0.4,0.4,0.4,0.4,0.5,0.4,0.2,0.4,0.4,0.4,0.5,0.3,0.4,0.5,0.4,0.4,0.4,0.4,0.2,0.4,0.4,0.4,0.4,0.3,0.4,0.4,0.3,0.5,0.5,0.4,0.3,0.4,0.5,0.2,0.5,0.4,0.4,0.4,0.2,0.4,0.4,0.4,0.3,0.4,0.3,0.4,0.4,0.3,0.3,0.4,0.2,0.2,0.3,0.4,0.4,0.4,0.4,0.4,0.4,0.4,0.4,0.4,0.4,0.4,0.4,0.4,0.4,0.4,0.4,0.4,0.4,0.4,0.4,0.4,0.4,0.4,0.4,0.4,0.4,0.4,0.4,0.4,0.4,0.4
36431.0,0.4,0.4,0.4,0.4,0.4,0.4,0.4,0.4,0.4,0.4,0.4,0.4,0.4,0.4,0.4,0.4,0.4,0.4,0.4,0.4,0.4,0.4,0.4,0.4,0.4,0.4,0.4,0.4,0.4,0.4,0.2,0.4,0.3,0.2,0.3,0.3,0.4,0.4,0.3,0.4,0.4,0.5,0.2,0.5,0.2,0.2,0.4,0.5,0.4,0.4,0.3,0.4,0.4,0.2,0.4,0.4,0.3,0.4,0.4,0.3,0.3,0.5,0.4,0.4,0.4,0.4,0.3,0.3,0.5,0.4,0.2,0.5,0.3,0.4,0.3,0.5,0.4,0.3,0.3,0.2,0.4,0.4,0.3,0.4,0.4,0.4,0.3,0.4,0.4,0.4,0.4,0.5,0.4,0.4,0.5,0.4,0.3,0.4,0.4,0.3,0.4,0.4,0.4,0.4,0.4,0.4,0.3,0.5,0.4,0.4,0.2,0.2,0.4,0.4,0.4,0.2,0.4,0.2,0.4,0.4,0.4,0.4,0.4,0.4,0.4,0.4,0.4,0.4,0.4,0.4,0.4,0.4,0.4,0.4,0.4,0.4,0.4,0.4,0.4,0.4,0.4,0.4,0.4,0.4,0.4,0.4,0.4,0.4,0.4,0.4,0.4,0.4,0.4,0.4,0.4,0.4,0.4,0.4,0.4,0.4,0.4,0.4,0.4,0.4,0.4,0.4,0.4,0.4,0.4,0.4,0.4,0.4,0.4,0.4,0.4,0.4,0.4,0.4,0.4,0.4,0.4,0.4,0.3,0.5,0.2,0.4,0.3,0.4,0.4,0.4,0.4,0.4,0.4,0.5,0.4,0.2,0.4,0.4,0.3,0.2,0.4,0.4,0.4,0.3,0.4,0.4,0.4,0.3,0.3,0.3,0.4,0.4,0.2,0.4,0.2,0.4,0.4,0.4,0.3,0.5,0.4,0.4,0.4,0.4,0.5,0.4,0.4,0.4,0.4,0.4,0.4,0.4,0.4,0.4,0.3,0.3,0.4,0.4,0.5,0.3,0.4,0.4,0.3,0.4,0.4,0.4,0.4,0.4,0.3,0.2,0.4,0.4,0.4,0.2,0.2,0.4,0.3,0.4,0.2,0.3,0.3,0.4,0.4,0.4,0.4,0.3,0.2,0.3,0.2,0.4,0.4,0.4,0.4,0.4,0.4,0.4,0.4,0.4,0.4,0.4,0.4,0.4,0.4,0.4,0.4,0.4,0.4,0.4,0.4,0.4,0.4,0.4,0.4,0.4,0.4,0.4,0.4,0.4,0.4,0.4
37647.0,0.4,0.4,0.4,0.4,0.4,0.4,0.4,0.4,0.4,0.4,0.4,0.4,0.4,0.4,0.4,0.4,0.4,0.4,0.4,0.4,0.4,0.4,0.4,0.4,0.4,0.4,0.4,0.4,0.4,0.4,0.2,0.4,0.4,0.2,0.2,0.2,0.4,0.4,0.3,0.5,0.2,0.4,0.4,0.3,0.4,0.4,0.4,0.4,0.4,0.4,0.4,0.5,0.4,0.4,0.4,0.4,0.2,0.4,0.5,0.2,0.4,0.5,0.4,0.4,0.5,0.4,0.4,0.4,0.5,0.4,0.4,0.4,0.3,0.4,0.3,0.4,0.5,0.4,0.3,0.4,0.4,0.4,0.3,0.4,0.4,0.4,0.3,0.4,0.4,0.4,0.4,0.4,0.4,0.4,0.5,0.3,0.4,0.4,0.4,0.2,0.5,0.3,0.3,0.4,0.4,0.5,0.3,0.4,0.4,0.4,0.3,0.4,0.4,0.4,0.3,0.4,0.4,0.2,0.5,0.4,0.4,0.4,0.4,0.4,0.4,0.4,0.4,0.4,0.4,0.4,0.4,0.4,0.4,0.4,0.4,0.4,0.4,0.4,0.4,0.4,0.4,0.4,0.4,0.4,0.4,0.4,0.4,0.4,0.4,0.4,0.4,0.4,0.4,0.4,0.4,0.4,0.4,0.4,0.4,0.4,0.4,0.4,0.4,0.4,0.4,0.4,0.4,0.4,0.4,0.4,0.4,0.4,0.4,0.4,0.4,0.4,0.4,0.4,0.4,0.4,0.4,0.4,0.3,0.5,0.2,0.4,0.4,0.3,0.3,0.3,0.4,0.3,0.3,0.4,0.3,0.3,0.4,0.4,0.3,0.2,0.3,0.4,0.3,0.3,0.4,0.4,0.4,0.4,0.3,0.3,0.3,0.5,0.2,0.4,0.3,0.4,0.4,0.4,0.2,0.4,0.3,0.4,0.4,0.4,0.4,0.4,0.4,0.4,0.2,0.4,0.3,0.3,0.4,0.4,0.4,0.4,0.4,0.4,0.4,0.2,0.4,0.3,0.3,0.4,0.5,0.4,0.5,0.4,0.2,0.2,0.4,0.4,0.4,0.3,0.4,0.4,0.4,0.4,0.2,0.3,0.4,0.5,0.3,0.3,0.4,0.2,0.2,0.3,0.2,0.4,0.4,0.4,0.4,0.4,0.4,0.4,0.4,0.4,0.4,0.4,0.4,0.4,0.4,0.4,0.4,0.4,0.4,0.4,0.4,0.4,0.4,0.4,0.4,0.4,0.4,0.4,0.4,0.4,0.4,0.4
38859.0,0.4,0.4,0.4,0.4,0.4,0.4,0.4,0.4,0.4,0.4,0.4,0.4,0.4,0.4,0.4,0.4,0.4,0.4,0.4,0.4,0.4,0.4,0.4,0.4,0.4,0.4,0.4,0.4,0.4,0.4,0.2,0.4,0.5,0.2,0.2,0.4,0.4,0.4,0.4,0.4,0.2,0.3,0.3,0.3,0.4,0.3,0.5,0.4,0.4,0.5,0.4,0.4,0.4,0.5,0.2,0.4,0.3,0.4,0.4,0.2,0.4,0.4,0.3,0.4,0.4,0.4,0.3,0.4,0.4,0.4,0.4,0.4,0.4,0.4,0.3,0.5,0.4,0.4,0.3,0.4,0.4,0.4,0.3,0.4,0.4,0.4,0.3,0.4,0.4,0.3,0.4,0.3,0.4,0.3,0.4,0.3,0.4,0.4,0.4,0.2,0.4,0.3,0.4,0.3,0.4,0.5,0.2,0.4,0.4,0.4,0.2,0.4,0.4,0.4,0.3,0.4,0.4,0.3,0.2,0.4,0.4,0.4,0.4,0.4,0.4,0.4,0.4,0.4,0.4,0.4,0.4,0.4,0.4,0.4,0.4,0.4,0.4,0.4,0.4,0.4,0.4,0.4,0.4,0.4,0.4,0.4,0.4,0.4,0.4,0.4,0.4,0.4,0.4,0.4,0.4,0.4,0.4,0.4,0.4,0.4,0.4,0.4,0.4,0.4,0.4,0.4,0.4,0.4,0.4,0.4,0.4,0.4,0.4,0.4,0.4,0.4,0.4,0.4,0.4,0.4,0.3,0.4,0.4,0.3,0.2,0.4,0.5,0.4,0.4,0.2,0.4,0.3,0.2,0.4,0.3,0.2,0.4,0.4,0.4,0.3,0.3,0.5,0.3,0.3,0.4,0.4,0.4,0.4,0.3,0.3,0.3,0.4,0.3,0.5,0.4,0.3,0.4,0.4,0.3,0.4,0.3,0.4,0.5,0.4,0.5,0.4,0.4,0.3,0.3,0.4,0.4,0.4,0.5,0.4,0.4,0.4,0.4,0.4,0.3,0.3,0.4,0.3,0.3,0.5,0.4,0.5,0.4,0.5,0.3,0.4,0.4,0.5,0.4,0.3,0.3,0.4,0.4,0.4,0.3,0.2,0.4,0.3,0.3,0.2,0.4,0.4,0.2,0.2,0.2,0.4,0.4,0.4,0.4,0.4,0.4,0.4,0.4,0.4,0.4,0.4,0.4,0.4,0.4,0.4,0.4,0.4,0.4,0.4,0.4,0.4,0.4,0.4,0.4,0.4,0.4,0.4,0.4,0.4,0.4,0.4
40088.0,0.4,0.4,0.4,0.4,0.4,0.4,0.4,0.4,0.4,0.4,0.4,0.4,0.4,0.4,0.4,0.4,0.4,0.4,0.4,0.4,0.4,0.4,0.4,0.4,0.4,0.4,0.4,0.4,0.4,0.4,0.2,0.4,0.4,0.4,0.4,0.3,0.4,0.3,0.2,0.4,0.3,0.3,0.3,0.3,0.4,0.3,0.4,0.4,0.4,0.4,0.5,0.4,0.4,0.5,0.3,0.4,0.3,0.4,0.5,0.3,0.4,0.4,0.3,0.5,0.4,0.3,0.3,0.4,0.3,0.4,0.4,0.4,0.4,0.4,0.3,0.4,0.4,0.4,0.3,0.4,0.4,0.4,0.3,0.3,0.3,0.5,0.3,0.4,0.4,0.3,0.4,0.3,0.4,0.3,0.5,0.2,0.4,0.4,0.4,0.4,0.3,0.4,0.3,0.3,0.4,0.2,0.4,0.5,0.3,0.3,0.5,0.4,0.4,0.3,0.4,0.4,0.3,0.2,0.2,0.4,0.4,0.4,0.4,0.4,0.4,0.4,0.4,0.4,0.4,0.4,0.4,0.4,0.4,0.4,0.4,0.4,0.4,0.4,0.4,0.4,0.4,0.4,0.4,0.4,0.4,0.4,0.4,0.4,0.4,0.4,0.4,0.4,0.4,0.4,0.4,0.4,0.4,0.4,0.4,0.4,0.4,0.4,0.4,0.4,0.4,0.4,0.4,0.4,0.4,0.4,0.4,0.4,0.4,0.4,0.4,0.4,0.4,0.4,0.4,0.4,0.2,0.4,0.3,0.3,0.2,0.3,0.5,0.4,0.3,0.4,0.4,0.4,0.4,0.4,0.3,0.3,0.5,0.4,0.5,0.4,0.3,0.4,0.3,0.4,0.5,0.4,0.5,0.4,0.3,0.3,0.4,0.4,0.3,0.5,0.3,0.3,0.4,0.4,0.3,0.4,0.4,0.4,0.3,0.4,0.4,0.4,0.4,0.4,0.3,0.4,0.3,0.4,0.4,0.4,0.4,0.4,0.3,0.4,0.3,0.3,0.4,0.3,0.3,0.5,0.5,0.5,0.4,0.4,0.4,0.4,0.4,0.3,0.4,0.4,0.3,0.3,0.4,0.2,0.2,0.2,0.4,0.3,0.4,0.4,0.5,0.3,0.4,0.2,0.2,0.4,0.4,0.4,0.4,0.4,0.4,0.4,0.4,0.4,0.4,0.4,0.4,0.4,0.4,0.4,0.4,0.4,0.4,0.4,0.4,0.4,0.4,0.4,0.4,0.4,0.4,0.4,0.4,0.4,0.4,0.4
41212.0,0.4,0.4,0.4,0.4,0.4,0.4,0.4,0.4,0.4,0.4,0.4,0.4,0.4,0.4,0.4,0.4,0.4,0.4,0.4,0.4,0.4,0.4,0.4,0.4,0.4,0.4,0.4,0.4,0.4,0.4,0.4,0.4,0.4,0.3,0.3,0.3,0.5,0.2,0.3,0.4,0.3,0.3,0.4,0.4,0.5,0.4,0.3,0.4,0.4,0.4,0.4,0.4,0.3,0.4,0.3,0.4,0.4,0.4,0.4,0.3,0.4,0.5,0.3,0.4,0.4,0.3,0.3,0.3,0.3,0.4,0.4,0.5,0.4,0.4,0.3,0.5,0.4,0.4,0.3,0.4,0.4,0.4,0.3,0.3,0.2,0.5,0.3,0.3,0.4,0.4,0.4,0.3,0.3,0.3,0.5,0.2,0.4,0.5,0.5,0.4,0.3,0.3,0.4,0.4,0.4,0.3,0.3,0.4,0.4,0.3,0.3,0.4,0.4,0.3,0.4,0.5,0.2,0.2,0.2,0.4,0.4,0.4,0.4,0.4,0.4,0.4,0.4,0.4,0.4,0.4,0.4,0.4,0.4,0.4,0.4,0.4,0.4,0.4,0.4,0.4,0.4,0.4,0.4,0.4,0.4,0.4,0.4,0.4,0.4,0.4,0.4,0.4,0.4,0.4,0.4,0.4,0.4,0.4,0.4,0.4,0.4,0.4,0.4,0.4,0.4,0.4,0.4,0.4,0.4,0.4,0.4,0.4,0.4,0.4,0.4,0.4,0.4,0.4,0.4,0.4,0.2,0.5,0.2,0.5,0.4,0.2,0.5,0.4,0.2,0.3,0.4,0.4,0.4,0.4,0.3,0.3,0.4,0.4,0.4,0.4,0.4,0.5,0.3,0.4,0.4,0.4,0.4,0.4,0.4,0.3,0.4,0.4,0.4,0.4,0.4,0.3,0.4,0.4,0.2,0.4,0.4,0.5,0.3,0.5,0.4,0.4,0.5,0.5,0.3,0.4,0.2,0.5,0.4,0.5,0.4,0.4,0.4,0.5,0.3,0.3,0.5,0.4,0.3,0.5,0.4,0.4,0.4,0.4,0.5,0.4,0.3,0.4,0.4,0.4,0.3,0.3,0.4,0.2,0.3,0.2,0.4,0.3,0.4,0.3,0.4,0.2,0.5,0.3,0.2,0.4,0.4,0.4,0.4,0.4,0.4,0.4,0.4,0.4,0.4,0.4,0.4,0.4,0.4,0.4,0.4,0.4,0.4,0.4,0.4,0.4,0.4,0.4,0.4,0.4,0.4,0.4,0.4,0.4,0.4,0.4
42833.0,0.4,0.4,0.4,0.4,0.4,0.4,0.4,0.4,0.4,0.4,0.4,0.4,0.4,0.4,0.4,0.4,0.4,0.4,0.4,0.4,0.4,0.4,0.4,0.4,0.4,0.4,0.4,0.4,0.4,0.4,0.2,0.4,0.4,0.2,0.3,0.4,0.4,0.4,0.2,0.4,0.3,0.3,0.4,0.3,0.4,0.4,0.3,0.3,0.4,0.4,0.5,0.4,0.4,0.4,0.3,0.4,0.5,0.5,0.2,0.3,0.4,0.4,0.2,0.4,0.5,0.4,0.3,0.3,0.3,0.4,0.4,0.5,0.4,0.4,0.4,0.4,0.3,0.4,0.3,0.5,0.3,0.5,0.3,0.2,0.4,0.4,0.3,0.3,0.4,0.4,0.4,0.3,0.4,0.4,0.4,0.3,0.4,0.4,0.4,0.4,0.3,0.4,0.4,0.4,0.4,0.4,0.2,0.4,0.4,0.2,0.4,0.3,0.4,0.2,0.4,0.4,0.2,0.3,0.2,0.4,0.4,0.4,0.4,0.4,0.4,0.4,0.4,0.4,0.4,0.4,0.4,0.4,0.4,0.4,0.4,0.4,0.4,0.4,0.4,0.4,0.4,0.4,0.4,0.4,0.4,0.4,0.4,0.4,0.4,0.4,0.4,0.4,0.4,0.4,0.4,0.4,0.4,0.4,0.4,0.4,0.4,0.4,0.4,0.4,0.4,0.4,0.4,0.4,0.4,0.4,0.4,0.4,0.4,0.4,0.4,0.4,0.4,0.4,0.4,0.4,0.4,0.4,0.5,0.4,0.4,0.2,0.3,0.4,0.2,0.3,0.4,0.4,0.4,0.4,0.4,0.5,0.4,0.4,0.4,0.4,0.4,0.3,0.5,0.4,0.4,0.4,0.4,0.4,0.4,0.2,0.5,0.4,0.4,0.4,0.3,0.3,0.4,0.4,0.4,0.5,0.3,0.4,0.4,0.4,0.3,0.4,0.4,0.4,0.3,0.5,0.3,0.3,0.5,0.4,0.4,0.4,0.4,0.4,0.2,0.3,0.4,0.4,0.3,0.4,0.4,0.4,0.5,0.4,0.4,0.4,0.3,0.3,0.4,0.4,0.4,0.2,0.4,0.2,0.2,0.4,0.4,0.4,0.3,0.4,0.3,0.2,0.4,0.2,0.3,0.4,0.4,0.4,0.4,0.4,0.4,0.4,0.4,0.4,0.4,0.4,0.4,0.4,0.4,0.4,0.4,0.4,0.4,0.4,0.4,0.4,0.4,0.4,0.4,0.4,0.4,0.4,0.4,0.4,0.4,0.4
43567.0,0.4,0.4,0.4,0.4,0.4,0.4,0.4,0.4,0.4,0.4,0.4,0.4,0.4,0.4,0.4,0.4,0.4,0.4,0.4,0.4,0.4,0.4,0.4,0.4,0.4,0.4,0.4,0.4,0.4,0.4,0.4,0.4,0.3,0.2,0.3,0.4,0.3,0.4,0.2,0.4,0.3,0.3,0.4,0.5,0.4,0.4,0.4,0.2,0.4,0.4,0.5,0.4,0.4,0.4,0.2,0.4,0.4,0.4,0.2,0.3,0.4,0.3,0.3,0.5,0.4,0.5,0.3,0.3,0.3,0.5,0.4,0.5,0.4,0.4,0.4,0.3,0.3,0.4,0.3,0.4,0.3,0.4,0.3,0.2,0.4,0.4,0.4,0.3,0.4,0.4,0.5,0.3,0.3,0.4,0.4,0.3,0.4,0.4,0.4,0.4,0.3,0.5,0.5,0.4,0.4,0.4,0.4,0.4,0.4,0.2,0.2,0.3,0.4,0.2,0.4,0.4,0.4,0.3,0.2,0.4,0.4,0.4,0.4,0.4,0.4,0.4,0.4,0.4,0.4,0.4,0.4,0.4,0.4,0.4,0.4,0.4,0.4,0.4,0.4,0.4,0.4,0.4,0.4,0.4,0.4,0.4,0.4,0.4,0.4,0.4,0.4,0.4,0.4,0.4,0.4,0.4,0.4,0.4,0.4,0.4,0.4,0.4,0.4,0.4,0.4,0.4,0.4,0.4,0.4,0.4,0.4,0.4,0.4,0.4,0.4,0.4,0.4,0.4,0.4,0.4,0.4,0.4,0.5,0.5,0.5,0.2,0.4,0.3,0.2,0.3,0.4,0.4,0.3,0.3,0.4,0.5,0.4,0.4,0.4,0.4,0.4,0.3,0.4,0.4,0.3,0.5,0.4,0.4,0.4,0.4,0.5,0.4,0.4,0.4,0.3,0.3,0.5,0.4,0.4,0.5,0.3,0.3,0.4,0.4,0.3,0.4,0.4,0.4,0.3,0.4,0.4,0.3,0.5,0.4,0.4,0.4,0.4,0.4,0.4,0.4,0.4,0.4,0.3,0.4,0.4,0.4,0.5,0.4,0.4,0.4,0.2,0.4,0.3,0.4,0.4,0.4,0.4,0.2,0.3,0.4,0.4,0.4,0.2,0.4,0.3,0.2,0.4,0.4,0.2,0.4,0.4,0.4,0.4,0.4,0.4,0.4,0.4,0.4,0.4,0.4,0.4,0.4,0.4,0.4,0.4,0.4,0.4,0.4,0.4,0.4,0.4,0.4,0.4,0.4,0.4,0.4,0.4,0.4,0.4,0.4
44599.0,0.4,0.4,0.4,0.4,0.4,0.4,0.4,0.4,0.4,0.4,0.4,0.4,0.4,0.4,0.4,0.4,0.4,0.4,0.4,0.4,0.4,0.4,0.4,0.4,0.4,0.4,0.4,0.4,0.4,0.4,0.3,0.4,0.2,0.2,0.2,0.5,0.4,0.3,0.4,0.5,0.2,0.3,0.4,0.5,0.4,0.4,0.4,0.2,0.5,0.4,0.5,0.5,0.4,0.3,0.2,0.4,0.4,0.5,0.4,0.3,0.5,0.3,0.4,0.5,0.5,0.4,0.3,0.3,0.3,0.5,0.5,0.4,0.3,0.4,0.4,0.3,0.4,0.4,0.4,0.3,0.4,0.4,0.2,0.4,0.4,0.5,0.4,0.4,0.4,0.4,0.4,0.3,0.3,0.5,0.4,0.2,0.4,0.4,0.5,0.4,0.3,0.4,0.5,0.3,0.4,0.4,0.4,0.4,0.3,0.4,0.2,0.4,0.4,0.2,0.4,0.4,0.4,0.2,0.2,0.4,0.4,0.4,0.4,0.4,0.4,0.4,0.4,0.4,0.4,0.4,0.4,0.4,0.4,0.4,0.4,0.4,0.4,0.4,0.4,0.4,0.4,0.4,0.4,0.4,0.4,0.4,0.4,0.4,0.4,0.4,0.4,0.4,0.4,0.4,0.4,0.4,0.4,0.4,0.4,0.4,0.4,0.4,0.4,0.4,0.4,0.4,0.4,0.4,0.4,0.4,0.4,0.4,0.4,0.4,0.4,0.4,0.4,0.4,0.4,0.4,0.3,0.2,0.3,0.2,0.5,0.2,0.4,0.3,0.3,0.4,0.4,0.4,0.3,0.3,0.4,0.4,0.5,0.4,0.4,0.4,0.4,0.4,0.4,0.4,0.3,0.5,0.3,0.5,0.4,0.3,0.5,0.5,0.5,0.4,0.3,0.4,0.4,0.4,0.4,0.5,0.3,0.3,0.3,0.4,0.3,0.4,0.4,0.4,0.4,0.4,0.4,0.4,0.4,0.4,0.4,0.4,0.4,0.4,0.4,0.4,0.4,0.5,0.3,0.4,0.4,0.4,0.3,0.4,0.4,0.4,0.4,0.4,0.4,0.4,0.4,0.4,0.3,0.2,0.4,0.3,0.4,0.4,0.4,0.3,0.2,0.2,0.3,0.4,0.4,0.4,0.4,0.4,0.4,0.4,0.4,0.4,0.4,0.4,0.4,0.4,0.4,0.4,0.4,0.4,0.4,0.4,0.4,0.4,0.4,0.4,0.4,0.4,0.4,0.4,0.4,0.4,0.4,0.4,0.4,0.4
46230.0,0.4,0.4,0.4,0.4,0.4,0.4,0.4,0.4,0.4,0.4,0.4,0.4,0.4,0.4,0.4,0.4,0.4,0.4,0.4,0.4,0.4,0.4,0.4,0.4,0.4,0.4,0.4,0.4,0.4,0.4,0.5,0.3,0.2,0.5,0.4,0.4,0.2,0.4,0.2,0.4,0.4,0.4,0.3,0.3,0.4,0.4,0.4,0.3,0.4,0.4,0.4,0.4,0.4,0.3,0.3,0.4,0.4,0.4,0.4,0.3,0.4,0.4,0.4,0.3,0.4,0.4,0.3,0.2,0.3,0.5,0.3,0.5,0.4,0.4,0.4,0.4,0.4,0.4,0.4,0.3,0.4,0.4,0.3,0.5,0.4,0.4,0.5,0.4,0.3,0.5,0.4,0.2,0.3,0.4,0.4,0.4,0.4,0.4,0.4,0.4,0.4,0.4,0.3,0.4,0.4,0.4,0.4,0.3,0.3,0.3,0.4,0.2,0.4,0.4,0.4,0.3,0.2,0.2,0.2,0.4,0.4,0.4,0.4,0.4,0.4,0.4,0.4,0.4,0.4,0.4,0.4,0.4,0.4,0.4,0.4,0.4,0.4,0.4,0.4,0.4,0.4,0.4,0.4,0.4,0.4,0.4,0.4,0.4,0.4,0.4,0.4,0.4,0.4,0.4,0.4,0.4,0.4,0.4,0.4,0.4,0.4,0.4,0.4,0.4,0.4,0.4,0.4,0.4,0.4,0.4,0.4,0.4,0.4,0.4,0.4,0.4,0.4,0.4,0.4,0.4,0.2,0.2,0.4,0.2,0.5,0.2,0.4,0.4,0.2,0.3,0.4,0.5,0.5,0.4,0.4,0.5,0.3,0.2,0.4,0.3,0.4,0.4,0.5,0.3,0.3,0.2,0.4,0.4,0.4,0.3,0.4,0.3,0.4,0.5,0.3,0.3,0.4,0.4,0.3,0.3,0.4,0.3,0.2,0.4,0.3,0.4,0.3,0.3,0.3,0.4,0.3,0.5,0.5,0.5,0.4,0.4,0.4,0.4,0.4,0.3,0.4,0.4,0.4,0.4,0.3,0.4,0.3,0.5,0.4,0.4,0.4,0.4,0.4,0.4,0.4,0.3,0.4,0.4,0.4,0.3,0.4,0.3,0.4,0.4,0.4,0.4,0.4,0.2,0.3,0.4,0.4,0.4,0.4,0.4,0.4,0.4,0.4,0.4,0.4,0.4,0.4,0.4,0.4,0.4,0.4,0.4,0.4,0.4,0.4,0.4,0.4,0.4,0.4,0.4,0.4,0.4,0.4,0.4,0.4,0.4
47255.0,0.4,0.4,0.4,0.4,0.4,0.4,0.4,0.4,0.4,0.4,0.4,0.4,0.4,0.4,0.4,0.4,0.4,0.4,0.4,0.4,0.4,0.4,0.4,0.4,0.4,0.4,0.4,0.4,0.4,0.4,0.4,0.2,0.3,0.5,0.3,0.3,0.4,0.4,0.3,0.4,0.4,0.5,0.3,0.3,0.4,0.4,0.5,0.4,0.4,0.4,0.5,0.4,0.4,0.3,0.3,0.4,0.4,0.4,0.4,0.3,0.4,0.4,0.5,0.4,0.4,0.5,0.3,0.2,0.3,0.4,0.3,0.4,0.4,0.4,0.4,0.4,0.3,0.3,0.4,0.3,0.4,0.4,0.4,0.4,0.4,0.4,0.3,0.3,0.3,0.4,0.4,0.3,0.2,0.4,0.4,0.4,0.3,0.4,0.4,0.4,0.5,0.4,0.2,0.4,0.5,0.4,0.5,0.2,0.2,0.3,0.3,0.3,0.4,0.3,0.3,0.3,0.2,0.2,0.4,0.4,0.4,0.4,0.4,0.4,0.4,0.4,0.4,0.4,0.4,0.4,0.4,0.4,0.4,0.4,0.4,0.4,0.4,0.4,0.4,0.4,0.4,0.4,0.4,0.4,0.4,0.4,0.4,0.4,0.4,0.4,0.4,0.4,0.4,0.4,0.4,0.4,0.4,0.4,0.4,0.4,0.4,0.4,0.4,0.4,0.4,0.4,0.4,0.4,0.4,0.4,0.4,0.4,0.4,0.4,0.4,0.4,0.4,0.4,0.4,0.4,0.3,0.2,0.4,0.2,0.4,0.4,0.3,0.5,0.4,0.4,0.3,0.5,0.5,0.3,0.3,0.4,0.2,0.4,0.4,0.3,0.4,0.4,0.4,0.4,0.4,0.3,0.4,0.4,0.4,0.2,0.5,0.3,0.4,0.4,0.3,0.3,0.4,0.4,0.4,0.3,0.4,0.3,0.4,0.4,0.4,0.4,0.4,0.3,0.3,0.4,0.3,0.4,0.5,0.4,0.4,0.4,0.4,0.4,0.4,0.2,0.4,0.4,0.4,0.4,0.4,0.4,0.3,0.5,0.4,0.4,0.4,0.4,0.3,0.3,0.4,0.4,0.3,0.4,0.3,0.4,0.4,0.2,0.4,0.4,0.4,0.3,0.4,0.2,0.2,0.4,0.4,0.4,0.4,0.4,0.4,0.4,0.4,0.4,0.4,0.4,0.4,0.4,0.4,0.4,0.4,0.4,0.4,0.4,0.4,0.4,0.4,0.4,0.4,0.4,0.4,0.4,0.4,0.4,0.4,0.4
48785.0,0.4,0.4,0.4,0.4,0.4,0.4,0.4,0.4,0.4,0.4,0.4,0.4,0.4,0.4,0.4,0.4,0.4,0.4,0.4,0.4,0.4,0.4,0.4,0.4,0.4,0.4,0.4,0.4,0.4,0.4,0.4,0.2,0.4,0.4,0.4,0.3,0.4,0.4,0.4,0.4,0.4,0.3,0.3,0.2,0.4,0.3,0.4,0.5,0.3,0.5,0.4,0.4,0.4,0.4,0.3,0.4,0.5,0.4,0.4,0.4,0.4,0.3,0.4,0.4,0.4,0.4,0.4,0.3,0.4,0.4,0.3,0.5,0.4,0.4,0.4,0.5,0.3,0.3,0.5,0.3,0.5,0.4,0.4,0.4,0.5,0.4,0.4,0.3,0.3,0.5,0.4,0.3,0.3,0.4,0.4,0.5,0.3,0.4,0.4,0.3,0.4,0.4,0.3,0.3,0.4,0.4,0.3,0.3,0.4,0.4,0.3,0.2,0.4,0.3,0.4,0.2,0.3,0.2,0.4,0.4,0.4,0.4,0.4,0.4,0.4,0.4,0.4,0.4,0.4,0.4,0.4,0.4,0.4,0.4,0.4,0.4,0.4,0.4,0.4,0.4,0.4,0.4,0.4,0.4,0.4,0.4,0.4,0.4,0.4,0.4,0.4,0.4,0.4,0.4,0.4,0.4,0.4,0.4,0.4,0.4,0.4,0.4,0.4,0.4,0.4,0.4,0.4,0.4,0.4,0.4,0.4,0.4,0.4,0.4,0.4,0.4,0.4,0.4,0.4,0.4,0.2,0.2,0.3,0.2,0.4,0.5,0.4,0.3,0.4,0.4,0.4,0.3,0.3,0.2,0.5,0.4,0.5,0.3,0.4,0.4,0.4,0.4,0.4,0.4,0.4,0.3,0.4,0.4,0.4,0.3,0.4,0.3,0.3,0.4,0.3,0.3,0.5,0.4,0.5,0.4,0.4,0.4,0.4,0.4,0.4,0.5,0.4,0.4,0.4,0.5,0.3,0.5,0.4,0.5,0.4,0.5,0.4,0.3,0.5,0.4,0.4,0.5,0.4,0.4,0.4,0.4,0.4,0.4,0.5,0.4,0.4,0.3,0.4,0.3,0.4,0.4,0.4,0.4,0.4,0.4,0.5,0.4,0.4,0.4,0.4,0.3,0.4,0.3,0.4,0.4,0.4,0.4,0.4,0.4,0.4,0.4,0.4,0.4,0.4,0.4,0.4,0.4,0.4,0.4,0.4,0.4,0.4,0.4,0.4,0.4,0.4,0.4,0.4,0.4,0.4,0.4,0.4,0.4,0.4,0.4
49818.0,0.4,0.4,0.4,0.4,0.4,0.4,0.4,0.4,0.4,0.4,0.4,0.4,0.4,0.4,0.4,0.4,0.4,0.4,0.4,0.4,0.4,0.4,0.4,0.4,0.4,0.4,0.4,0.4,0.4,0.4,0.4,0.2,0.4,0.4,0.4,0.3,0.4,0.3,0.4,0.4,0.3,0.2,0.4,0.4,0.3,0.3,0.4,0.4,0.3,0.4,0.5,0.4,0.4,0.4,0.3,0.4,0.5,0.4,0.3,0.4,0.4,0.3,0.4,0.4,0.4,0.5,0.4,0.4,0.4,0.4,0.4,0.5,0.4,0.3,0.4,0.5,0.2,0.3,0.5,0.3,0.5,0.4,0.4,0.4,0.4,0.4,0.4,0.3,0.3,0.5,0.5,0.4,0.3,0.4,0.4,0.4,0.4,0.5,0.4,0.3,0.4,0.4,0.3,0.3,0.4,0.4,0.3,0.3,0.5,0.4,0.2,0.2,0.3,0.2,0.3,0.4,0.2,0.3,0.4,0.4,0.4,0.4,0.4,0.4,0.4,0.4,0.4,0.4,0.4,0.4,0.4,0.4,0.4,0.4,0.4,0.4,0.4,0.4,0.4,0.4,0.4,0.4,0.4,0.4,0.4,0.4,0.4,0.4,0.4,0.4,0.4,0.4,0.4,0.4,0.4,0.4,0.4,0.4,0.4,0.4,0.4,0.4,0.4,0.4,0.4,0.4,0.4,0.4,0.4,0.4,0.4,0.4,0.4,0.4,0.4,0.4,0.4,0.4,0.4,0.4,0.2,0.2,0.2,0.2,0.3,0.5,0.4,0.4,0.4,0.4,0.4,0.3,0.5,0.2,0.3,0.3,0.5,0.2,0.4,0.4,0.4,0.4,0.4,0.5,0.4,0.3,0.4,0.4,0.4,0.3,0.3,0.3,0.3,0.4,0.4,0.3,0.5,0.4,0.5,0.4,0.4,0.4,0.4,0.4,0.4,0.4,0.5,0.5,0.4,0.4,0.4,0.4,0.4,0.4,0.5,0.4,0.4,0.3,0.4,0.4,0.4,0.4,0.4,0.4,0.4,0.4,0.4,0.4,0.4,0.4,0.4,0.4,0.4,0.4,0.5,0.4,0.4,0.4,0.4,0.4,0.4,0.4,0.4,0.3,0.3,0.2,0.4,0.4,0.4,0.4,0.4,0.4,0.4,0.4,0.4,0.4,0.4,0.4,0.4,0.4,0.4,0.4,0.4,0.4,0.4,0.4,0.4,0.4,0.4,0.4,0.4,0.4,0.4,0.4,0.4,0.4,0.4,0.4,0.4,0.4
50834.0,0.4,0.4,0.4,0.4,0.4,0.4,0.4,0.4,0.4,0.4,0.4,0.4,0.4,0.4,0.4,0.4,0.4,0.4,0.4,0.4,0.4,0.4,0.4,0.4,0.4,0.4,0.4,0.4,0.4,0.4,0.5,0.2,0.4,0.4,0.4,0.2,0.3,0.4,0.3,0.3,0.3,0.3,0.4,0.5,0.3,0.2,0.5,0.4,0.2,0.4,0.4,0.3,0.4,0.4,0.3,0.5,0.4,0.4,0.3,0.4,0.4,0.3,0.4,0.4,0.3,0.4,0.4,0.4,0.5,0.4,0.3,0.4,0.5,0.4,0.4,0.5,0.4,0.3,0.4,0.4,0.4,0.4,0.5,0.3,0.4,0.4,0.4,0.3,0.3,0.4,0.4,0.4,0.2,0.5,0.4,0.4,0.3,0.3,0.4,0.4,0.4,0.4,0.3,0.4,0.4,0.4,0.3,0.3,0.5,0.4,0.4,0.4,0.2,0.4,0.4,0.3,0.2,0.3,0.5,0.4,0.4,0.4,0.4,0.4,0.4,0.4,0.4,0.4,0.4,0.4,0.4,0.4,0.4,0.4,0.4,0.4,0.4,0.4,0.4,0.4,0.4,0.4,0.4,0.4,0.4,0.4,0.4,0.4,0.4,0.4,0.4,0.4,0.4,0.4,0.4,0.4,0.4,0.4,0.4,0.4,0.4,0.4,0.4,0.4,0.4,0.4,0.4,0.4,0.4,0.4,0.4,0.4,0.4,0.4,0.4,0.4,0.4,0.4,0.4,0.4,0.4,0.2,0.4,0.2,0.2,0.5,0.4,0.4,0.2,0.2,0.4,0.2,0.4,0.2,0.3,0.2,0.3,0.3,0.4,0.4,0.4,0.3,0.4,0.3,0.5,0.4,0.5,0.4,0.4,0.2,0.4,0.3,0.4,0.4,0.4,0.3,0.3,0.4,0.4,0.3,0.4,0.4,0.3,0.4,0.4,0.5,0.4,0.4,0.4,0.4,0.4,0.4,0.4,0.4,0.3,0.4,0.5,0.4,0.4,0.4,0.4,0.5,0.4,0.3,0.4,0.5,0.4,0.4,0.5,0.4,0.4,0.4,0.4,0.4,0.5,0.4,0.3,0.4,0.4,0.2,0.4,0.4,0.4,0.2,0.4,0.2,0.3,0.2,0.4,0.4,0.4,0.4,0.4,0.4,0.4,0.4,0.4,0.4,0.4,0.4,0.4,0.4,0.4,0.4,0.4,0.4,0.4,0.4,0.4,0.4,0.4,0.4,0.4,0.4,0.4,0.4,0.4,0.4,0.4,0.4
52250.0,0.4,0.4,0.4,0.4,0.4,0.4,0.4,0.4,0.4,0.4,0.4,0.4,0.4,0.4,0.4,0.4,0.4,0.4,0.4,0.4,0.4,0.4,0.4,0.4,0.4,0.4,0.4,0.4,0.4,0.4,0.2,0.2,0.4,0.4,0.3,0.2,0.2,0.2,0.2,0.4,0.5,0.3,0.3,0.4,0.3,0.4,0.4,0.3,0.3,0.4,0.4,0.2,0.4,0.4,0.4,0.5,0.3,0.4,0.4,0.3,0.4,0.4,0.4,0.4,0.3,0.3,0.4,0.4,0.4,0.4,0.3,0.4,0.4,0.4,0.4,0.5,0.4,0.3,0.5,0.4,0.4,0.4,0.4,0.3,0.3,0.4,0.4,0.2,0.5,0.5,0.4,0.4,0.4,0.4,0.4,0.4,0.3,0.3,0.5,0.4,0.4,0.4,0.2,0.4,0.4,0.4,0.3,0.3,0.5,0.3,0.4,0.4,0.4,0.3,0.3,0.2,0.2,0.2,0.4,0.4,0.4,0.4,0.4,0.4,0.4,0.4,0.4,0.4,0.4,0.4,0.4,0.4,0.4,0.4,0.4,0.4,0.4,0.4,0.4,0.4,0.4,0.4,0.4,0.4,0.4,0.4,0.4,0.4,0.4,0.4,0.4,0.4,0.4,0.4,0.4,0.4,0.4,0.4,0.4,0.4,0.4,0.4,0.4,0.4,0.4,0.4,0.4,0.4,0.4,0.4,0.4,0.4,0.4,0.4,0.4,0.4,0.4,0.4,0.4,0.4,0.4,0.4,0.4,0.3,0.2,0.4,0.5,0.2,0.2,0.2,0.3,0.2,0.5,0.3,0.2,0.4,0.4,0.3,0.4,0.4,0.4,0.2,0.4,0.3,0.4,0.4,0.4,0.4,0.4,0.2,0.3,0.3,0.4,0.3,0.4,0.4,0.4,0.4,0.4,0.4,0.4,0.4,0.3,0.4,0.4,0.4,0.4,0.4,0.4,0.4,0.4,0.3,0.4,0.3,0.3,0.4,0.3,0.5,0.4,0.4,0.5,0.4,0.4,0.3,0.5,0.3,0.4,0.4,0.4,0.4,0.4,0.4,0.3,0.4,0.5,0.4,0.3,0.5,0.4,0.4,0.3,0.4,0.3,0.2,0.2,0.2,0.2,0.2,0.4,0.4,0.4,0.4,0.4,0.4,0.4,0.4,0.4,0.4,0.4,0.4,0.4,0.4,0.4,0.4,0.4,0.4,0.4,0.4,0.4,0.4,0.4,0.4,0.4,0.4,0.4,0.4,0.4,0.4,0.4,0.4
52784.0,0.4,0.4,0.4,0.4,0.4,0.4,0.4,0.4,0.4,0.4,0.4,0.4,0.4,0.4,0.4,0.4,0.4,0.4,0.4,0.4,0.4,0.4,0.4,0.4,0.4,0.4,0.4,0.4,0.4,0.4,0.2,0.4,0.4,0.3,0.2,0.2,0.2,0.2,0.2,0.4,0.4,0.3,0.3,0.4,0.2,0.4,0.4,0.3,0.3,0.4,0.4,0.4,0.4,0.4,0.4,0.5,0.3,0.4,0.4,0.4,0.4,0.4,0.4,0.4,0.3,0.3,0.4,0.4,0.4,0.4,0.3,0.4,0.4,0.4,0.4,0.4,0.4,0.2,0.5,0.4,0.4,0.4,0.4,0.3,0.3,0.4,0.4,0.3,0.4,0.5,0.4,0.4,0.5,0.5,0.4,0.5,0.3,0.3,0.4,0.4,0.4,0.4,0.2,0.4,0.5,0.4,0.2,0.3,0.5,0.3,0.4,0.5,0.3,0.3,0.3,0.2,0.2,0.2,0.4,0.4,0.4,0.4,0.4,0.4,0.4,0.4,0.4,0.4,0.4,0.4,0.4,0.4,0.4,0.4,0.4,0.4,0.4,0.4,0.4,0.4,0.4,0.4,0.4,0.4,0.4,0.4,0.4,0.4,0.4,0.4,0.4,0.4,0.4,0.4,0.4,0.4,0.4,0.4,0.4,0.4,0.4,0.4,0.4,0.4,0.4,0.4,0.4,0.4,0.4,0.4,0.4,0.4,0.4,0.4,0.4,0.4,0.4,0.4,0.4,0.4,0.4,0.3,0.4,0.3,0.3,0.4,0.4,0.2,0.2,0.2,0.3,0.2,0.5,0.3,0.2,0.4,0.4,0.3,0.4,0.5,0.5,0.2,0.5,0.3,0.4,0.4,0.4,0.5,0.4,0.2,0.4,0.3,0.4,0.3,0.4,0.4,0.4,0.4,0.4,0.4,0.4,0.5,0.3,0.4,0.4,0.4,0.4,0.4,0.4,0.5,0.4,0.3,0.4,0.3,0.3,0.4,0.4,0.5,0.4,0.4,0.5,0.4,0.4,0.3,0.5,0.3,0.4,0.4,0.4,0.4,0.4,0.4,0.4,0.4,0.4,0.4,0.3,0.3,0.4,0.4,0.2,0.4,0.2,0.4,0.2,0.2,0.2,0.2,0.4,0.4,0.4,0.4,0.4,0.4,0.4,0.4,0.4,0.4,0.4,0.4,0.4,0.4,0.4,0.4,0.4,0.4,0.4,0.4,0.4,0.4,0.4,0.4,0.4,0.4,0.4,0.4,0.4,0.4,0.4,0.4
53701.0,0.4,0.4,0.4,0.4,0.4,0.4,0.4,0.4,0.4,0.4,0.4,0.4,0.4,0.4,0.4,0.4,0.4,0.4,0.4,0.4,0.4,0.4,0.4,0.4,0.4,0.4,0.4,0.4,0.4,0.4,0.2,0.4,0.3,0.3,0.2,0.2,0.3,0.2,0.4,0.4,0.4,0.4,0.4,0.4,0.4,0.3,0.4,0.3,0.3,0.4,0.4,0.4,0.4,0.4,0.4,0.4,0.3,0.3,0.5,0.4,0.4,0.4,0.4,0.4,0.3,0.3,0.4,0.4,0.4,0.4,0.4,0.4,0.4,0.5,0.4,0.4,0.4,0.4,0.4,0.4,0.4,0.5,0.4,0.3,0.3,0.5,0.4,0.3,0.4,0.4,0.4,0.5,0.5,0.4,0.3,0.4,0.4,0.3,0.4,0.4,0.5,0.4,0.3,0.3,0.4,0.5,0.4,0.2,0.4,0.3,0.5,0.4,0.2,0.4,0.2,0.2,0.4,0.5,0.4,0.4,0.4,0.4,0.4,0.4,0.4,0.4,0.4,0.4,0.4,0.4,0.4,0.4,0.4,0.4,0.4,0.4,0.4,0.4,0.4,0.4,0.4,0.4,0.4,0.4,0.4,0.4,0.4,0.4,0.4,0.4,0.4,0.4,0.4,0.4,0.4,0.4,0.4,0.4,0.4,0.4,0.4,0.4,0.4,0.4,0.4,0.4,0.4,0.4,0.4,0.4,0.4,0.4,0.4,0.4,0.4,0.4,0.4,0.4,0.4,0.4,0.3,0.4,0.4,0.2,0.2,0.4,0.3,0.4,0.2,0.2,0.3,0.3,0.4,0.3,0.2,0.3,0.3,0.3,0.4,0.5,0.5,0.3,0.5,0.3,0.4,0.4,0.4,0.4,0.4,0.3,0.5,0.3,0.4,0.3,0.4,0.5,0.4,0.4,0.4,0.5,0.4,0.5,0.3,0.3,0.4,0.4,0.4,0.4,0.4,0.4,0.4,0.3,0.4,0.3,0.3,0.4,0.3,0.4,0.3,0.4,0.4,0.4,0.4,0.4,0.4,0.3,0.3,0.4,0.3,0.4,0.3,0.4,0.4,0.4,0.4,0.4,0.2,0.4,0.4,0.4,0.2,0.4,0.2,0.4,0.4,0.2,0.2,0.3,0.5,0.4,0.4,0.4,0.4,0.4,0.4,0.4,0.4,0.4,0.4,0.4,0.4,0.4,0.4,0.4,0.4,0.4,0.4,0.4,0.4,0.4,0.4,0.4,0.4,0.4,0.4,0.4,0.4,0.4,0.4,0.4
55127.0,0.4,0.4,0.4,0.4,0.4,0.4,0.4,0.4,0.4,0.4,0.4,0.4,0.4,0.4,0.4,0.4,0.4,0.4,0.4,0.4,0.4,0.4,0.4,0.4,0.4,0.4,0.4,0.4,0.4,0.4,0.2,0.4,0.2,0.3,0.3,0.4,0.3,0.4,0.4,0.2,0.4,0.4,0.4,0.4,0.4,0.4,0.5,0.4,0.3,0.5,0.4,0.4,0.4,0.4,0.4,0.3,0.3,0.3,0.4,0.4,0.4,0.4,0.4,0.5,0.3,0.4,0.4,0.4,0.4,0.4,0.4,0.4,0.4,0.4,0.4,0.4,0.4,0.4,0.4,0.4,0.4,0.4,0.4,0.4,0.3,0.4,0.4,0.3,0.3,0.4,0.4,0.4,0.3,0.4,0.4,0.4,0.4,0.3,0.5,0.4,0.4,0.4,0.4,0.4,0.4,0.4,0.4,0.4,0.5,0.4,0.4,0.3,0.4,0.4,0.3,0.4,0.3,0.5,0.4,0.4,0.4,0.4,0.4,0.4,0.4,0.4,0.4,0.4,0.4,0.4,0.4,0.4,0.4,0.4,0.4,0.4,0.4,0.4,0.4,0.4,0.4,0.4,0.4,0.4,0.4,0.4,0.4,0.4,0.4,0.4,0.4,0.4,0.4,0.4,0.4,0.4,0.4,0.4,0.4,0.4,0.4,0.4,0.4,0.4,0.4,0.4,0.4,0.4,0.4,0.4,0.4,0.4,0.4,0.4,0.4,0.4,0.4,0.4,0.4,0.4,0.2,0.4,0.4,0.2,0.2,0.5,0.3,0.4,0.4,0.3,0.2,0.2,0.5,0.3,0.2,0.4,0.3,0.4,0.4,0.4,0.5,0.3,0.3,0.3,0.4,0.4,0.4,0.4,0.4,0.3,0.4,0.4,0.4,0.4,0.4,0.4,0.4,0.4,0.4,0.4,0.4,0.4,0.3,0.3,0.4,0.4,0.4,0.4,0.5,0.4,0.4,0.2,0.5,0.3,0.3,0.4,0.3,0.4,0.2,0.5,0.5,0.4,0.4,0.4,0.4,0.3,0.4,0.4,0.2,0.4,0.2,0.4,0.5,0.4,0.4,0.4,0.2,0.4,0.4,0.3,0.2,0.4,0.2,0.3,0.3,0.3,0.3,0.3,0.4,0.4,0.4,0.4,0.4,0.4,0.4,0.4,0.4,0.4,0.4,0.4,0.4,0.4,0.4,0.4,0.4,0.4,0.4,0.4,0.4,0.4,0.4,0.4,0.4,0.4,0.4,0.4,0.4,0.4,0.4,0.4
56145.0,0.4,0.4,0.4,0.4,0.4,0.4,0.4,0.4,0.4,0.4,0.4,0.4,0.4,0.4,0.4,0.4,0.4,0.4,0.4,0.4,0.4,0.4,0.4,0.4,0.4,0.4,0.4,0.4,0.4,0.4,0.2,0.2,0.4,0.4,0.4,0.4,0.3,0.3,0.5,0.3,0.3,0.3,0.4,0.4,0.4,0.4,0.3,0.3,0.2,0.4,0.4,0.4,0.5,0.4,0.4,0.3,0.3,0.3,0.4,0.4,0.4,0.4,0.3,0.5,0.4,0.4,0.4,0.5,0.4,0.4,0.4,0.5,0.4,0.3,0.4,0.4,0.5,0.3,0.4,0.5,0.4,0.4,0.4,0.4,0.3,0.5,0.4,0.4,0.4,0.4,0.4,0.4,0.3,0.5,0.4,0.4,0.4,0.3,0.5,0.4,0.4,0.4,0.4,0.5,0.4,0.3,0.3,0.4,0.4,0.3,0.4,0.3,0.5,0.3,0.3,0.5,0.3,0.3,0.4,0.4,0.4,0.4,0.4,0.4,0.4,0.4,0.4,0.4,0.4,0.4,0.4,0.4,0.4,0.4,0.4,0.4,0.4,0.4,0.4,0.4,0.4,0.4,0.4,0.4,0.4,0.4,0.4,0.4,0.4,0.4,0.4,0.4,0.4,0.4,0.4,0.4,0.4,0.4,0.4,0.4,0.4,0.4,0.4,0.4,0.4,0.4,0.4,0.4,0.4,0.4,0.4,0.4,0.4,0.4,0.4,0.4,0.4,0.4,0.4,0.4,0.4,0.4,0.5,0.2,0.2,0.4,0.4,0.3,0.4,0.3,0.4,0.2,0.4,0.3,0.3,0.4,0.3,0.4,0.4,0.4,0.4,0.3,0.4,0.3,0.3,0.4,0.5,0.4,0.5,0.2,0.4,0.4,0.4,0.5,0.4,0.4,0.5,0.4,0.5,0.5,0.4,0.4,0.4,0.3,0.4,0.4,0.4,0.4,0.5,0.4,0.4,0.3,0.5,0.4,0.3,0.4,0.3,0.4,0.2,0.4,0.4,0.5,0.3,0.4,0.5,0.3,0.5,0.4,0.2,0.4,0.4,0.2,0.5,0.3,0.3,0.4,0.2,0.4,0.4,0.4,0.4,0.3,0.4,0.3,0.3,0.2,0.3,0.4,0.4,0.4,0.4,0.4,0.4,0.4,0.4,0.4,0.4,0.4,0.4,0.4,0.4,0.4,0.4,0.4,0.4,0.4,0.4,0.4,0.4,0.4,0.4,0.4,0.4,0.4,0.4,0.4,0.4,0.4,0.4,0.4
56964.0,0.4,0.4,0.4,0.4,0.4,0.4,0.4,0.4,0.4,0.4,0.4,0.4,0.4,0.4,0.4,0.4,0.4,0.4,0.4,0.4,0.4,0.4,0.4,0.4,0.4,0.4,0.4,0.4,0.4,0.4,0.2,0.2,0.4,0.3,0.4,0.4,0.4,0.4,0.5,0.4,0.2,0.4,0.4,0.4,0.3,0.5,0.3,0.3,0.2,0.4,0.4,0.4,0.4,0.4,0.4,0.3,0.3,0.4,0.4,0.4,0.4,0.4,0.2,0.4,0.4,0.4,0.4,0.4,0.4,0.4,0.5,0.4,0.4,0.3,0.4,0.4,0.3,0.4,0.4,0.5,0.4,0.5,0.4,0.3,0.4,0.4,0.4,0.5,0.4,0.4,0.5,0.4,0.3,0.5,0.5,0.4,0.4,0.3,0.4,0.3,0.4,0.3,0.4,0.5,0.4,0.3,0.3,0.4,0.4,0.2,0.4,0.4,0.5,0.2,0.4,0.5,0.2,0.3,0.4,0.4,0.4,0.4,0.4,0.4,0.4,0.4,0.4,0.4,0.4,0.4,0.4,0.4,0.4,0.4,0.4,0.4,0.4,0.4,0.4,0.4,0.4,0.4,0.4,0.4,0.4,0.4,0.4,0.4,0.4,0.4,0.4,0.4,0.4,0.4,0.4,0.4,0.4,0.4,0.4,0.4,0.4,0.4,0.4,0.4,0.4,0.4,0.4,0.4,0.4,0.4,0.4,0.4,0.4,0.4,0.4,0.4,0.4,0.4,0.4,0.4,0.3,0.4,0.5,0.3,0.2,0.3,0.3,0.3,0.4,0.2,0.3,0.2,0.4,0.3,0.3,0.3,0.3,0.3,0.4,0.4,0.4,0.3,0.4,0.3,0.2,0.4,0.3,0.4,0.4,0.2,0.4,0.4,0.5,0.5,0.4,0.4,0.4,0.4,0.5,0.4,0.4,0.4,0.4,0.4,0.4,0.4,0.4,0.5,0.5,0.4,0.4,0.3,0.4,0.4,0.4,0.4,0.3,0.4,0.3,0.4,0.4,0.4,0.3,0.4,0.5,0.4,0.3,0.4,0.3,0.5,0.4,0.2,0.5,0.4,0.3,0.4,0.2,0.4,0.5,0.4,0.4,0.3,0.3,0.2,0.2,0.4,0.4,0.4,0.4,0.4,0.4,0.4,0.4,0.4,0.4,0.4,0.4,0.4,0.4,0.4,0.4,0.4,0.4,0.4,0.4,0.4,0.4,0.4,0.4,0.4,0.4,0.4,0.4,0.4,0.4,0.4,0.4,0.4,0.4,0.4
58483.0,0.4,0.4,0.4,0.4,0.4,0.4,0.4,0.4,0.4,0.4,0.4,0.4,0.4,0.4,0.4,0.4,0.4,0.4,0.4,0.4,0.4,0.4,0.4,0.4,0.4,0.4,0.4,0.4,0.4,0.4,0.3,0.3,0.3,0.2,0.3,0.4,0.3,0.4,0.4,0.5,0.2,0.4,0.4,0.4,0.4,0.4,0.3,0.2,0.2,0.4,0.3,0.4,0.5,0.5,0.2,0.2,0.2,0.5,0.4,0.4,0.4,0.3,0.4,0.5,0.4,0.3,0.4,0.4,0.4,0.4,0.4,0.4,0.4,0.4,0.4,0.4,0.5,0.5,0.4,0.4,0.4,0.4,0.4,0.4,0.5,0.4,0.4,0.4,0.4,0.3,0.4,0.4,0.2,0.4,0.4,0.4,0.4,0.4,0.4,0.4,0.3,0.4,0.4,0.4,0.5,0.4,0.2,0.3,0.4,0.2,0.3,0.4,0.2,0.3,0.5,0.2,0.2,0.2,0.4,0.4,0.4,0.4,0.4,0.4,0.4,0.4,0.4,0.4,0.4,0.4,0.4,0.4,0.4,0.4,0.4,0.4,0.4,0.4,0.4,0.4,0.4,0.4,0.4,0.4,0.4,0.4,0.4,0.4,0.4,0.4,0.4,0.4,0.4,0.4,0.4,0.4,0.4,0.4,0.4,0.4,0.4,0.4,0.4,0.4,0.4,0.4,0.4,0.4,0.4,0.4,0.4,0.4,0.4,0.4,0.4,0.4,0.4,0.4,0.4,0.4,0.4,0.3,0.3,0.4,0.2,0.4,0.4,0.4,0.5,0.4,0.2,0.4,0.3,0.3,0.4,0.3,0.3,0.3,0.5,0.4,0.3,0.2,0.4,0.3,0.3,0.5,0.4,0.4,0.4,0.3,0.3,0.5,0.4,0.3,0.4,0.4,0.4,0.4,0.4,0.4,0.4,0.3,0.4,0.4,0.4,0.4,0.4,0.3,0.3,0.5,0.4,0.3,0.3,0.3,0.4,0.4,0.4,0.4,0.3,0.5,0.3,0.4,0.3,0.4,0.4,0.4,0.2,0.4,0.3,0.5,0.2,0.2,0.4,0.4,0.2,0.3,0.3,0.3,0.4,0.3,0.3,0.2,0.1,0.4,0.3,0.5,0.4,0.3,0.4,0.4,0.4,0.4,0.4,0.4,0.4,0.4,0.4,0.4,0.4,0.4,0.4,0.4,0.4,0.4,0.4,0.4,0.4,0.4,0.4,0.4,0.4,0.4,0.4,0.4,0.4,0.4,0.4,0.4,0.4,0.4
60101.0,0.4,0.4,0.4,0.4,0.4,0.4,0.4,0.4,0.4,0.4,0.4,0.4,0.4,0.4,0.4,0.4,0.4,0.4,0.4,0.4,0.4,0.4,0.4,0.4,0.4,0.4,0.4,0.4,0.4,0.4,0.2,0.4,0.4,0.3,0.4,0.4,0.3,0.3,0.4,0.5,0.2,0.4,0.4,0.4,0.4,0.4,0.4,0.3,0.2,0.4,0.3,0.4,0.5,0.4,0.3,0.2,0.3,0.4,0.4,0.4,0.4,0.3,0.4,0.3,0.2,0.3,0.4,0.4,0.4,0.4,0.4,0.4,0.5,0.4,0.5,0.4,0.4,0.4,0.4,0.4,0.4,0.4,0.4,0.4,0.4,0.4,0.4,0.4,0.4,0.3,0.4,0.3,0.4,0.4,0.4,0.4,0.4,0.4,0.4,0.4,0.4,0.4,0.4,0.2,0.3,0.4,0.3,0.3,0.3,0.2,0.4,0.4,0.2,0.4,0.4,0.2,0.4,0.2,0.3,0.4,0.4,0.4,0.4,0.4,0.4,0.4,0.4,0.4,0.4,0.4,0.4,0.4,0.4,0.4,0.4,0.4,0.4,0.4,0.4,0.4,0.4,0.4,0.4,0.4,0.4,0.4,0.4,0.4,0.4,0.4,0.4,0.4,0.4,0.4,0.4,0.4,0.4,0.4,0.4,0.4,0.4,0.4,0.4,0.4,0.4,0.4,0.4,0.4,0.4,0.4,0.4,0.4,0.4,0.4,0.4,0.4,0.4,0.4,0.4,0.4,0.2,0.4,0.3,0.3,0.4,0.4,0.4,0.4,0.3,0.4,0.2,0.3,0.3,0.3,0.4,0.3,0.4,0.3,0.4,0.5,0.3,0.4,0.4,0.3,0.3,0.4,0.4,0.5,0.4,0.3,0.4,0.4,0.4,0.3,0.4,0.5,0.4,0.4,0.4,0.4,0.4,0.4,0.4,0.4,0.4,0.4,0.4,0.4,0.2,0.4,0.4,0.4,0.4,0.3,0.4,0.4,0.4,0.4,0.4,0.4,0.2,0.4,0.4,0.4,0.4,0.4,0.3,0.4,0.3,0.4,0.3,0.4,0.4,0.4,0.2,0.4,0.2,0.3,0.5,0.4,0.3,0.4,0.3,0.4,0.2,0.3,0.3,0.2,0.4,0.4,0.4,0.4,0.4,0.4,0.4,0.4,0.4,0.4,0.4,0.4,0.4,0.4,0.4,0.4,0.4,0.4,0.4,0.4,0.4,0.4,0.4,0.4,0.4,0.4,0.4,0.4,0.4,0.4,0.4,0.4
61734.0,0.4,0.4,0.4,0.4,0.4,0.4,0.4,0.4,0.4,0.4,0.4,0.4,0.4,0.4,0.4,0.4,0.4,0.4,0.4,0.4,0.4,0.4,0.4,0.4,0.4,0.4,0.4,0.4,0.4,0.4,0.3,0.3,0.4,0.2,0.4,0.3,0.2,0.3,0.2,0.2,0.3,0.3,0.3,0.4,0.3,0.4,0.2,0.2,0.4,0.4,0.4,0.5,0.3,0.4,0.2,0.3,0.3,0.4,0.3,0.4,0.5,0.3,0.4,0.4,0.3,0.3,0.4,0.4,0.4,0.4,0.2,0.4,0.5,0.5,0.4,0.4,0.5,0.5,0.5,0.4,0.5,0.4,0.4,0.5,0.4,0.4,0.5,0.4,0.5,0.3,0.4,0.3,0.4,0.4,0.4,0.3,0.4,0.4,0.3,0.2,0.3,0.5,0.4,0.4,0.3,0.4,0.4,0.2,0.4,0.3,0.4,0.4,0.3,0.4,0.4,0.2,0.5,0.4,0.2,0.4,0.4,0.4,0.4,0.4,0.4,0.4,0.4,0.4,0.4,0.4,0.4,0.4,0.4,0.4,0.4,0.4,0.4,0.4,0.4,0.4,0.4,0.4,0.4,0.4,0.4,0.4,0.4,0.4,0.4,0.4,0.4,0.4,0.4,0.4,0.4,0.4,0.4,0.4,0.4,0.4,0.4,0.4,0.4,0.4,0.4,0.4,0.4,0.4,0.4,0.4,0.4,0.4,0.4,0.4,0.4,0.4,0.4,0.4,0.4,0.4,0.2,0.3,0.4,0.4,0.4,0.3,0.4,0.3,0.2,0.4,0.5,0.3,0.3,0.4,0.4,0.4,0.4,0.2,0.4,0.4,0.4,0.3,0.4,0.2,0.4,0.3,0.5,0.4,0.4,0.3,0.3,0.4,0.4,0.4,0.4,0.4,0.4,0.5,0.5,0.4,0.4,0.4,0.4,0.4,0.4,0.4,0.5,0.4,0.3,0.2,0.4,0.4,0.4,0.3,0.4,0.4,0.4,0.5,0.4,0.4,0.3,0.3,0.4,0.4,0.4,0.4,0.3,0.4,0.3,0.4,0.3,0.4,0.5,0.4,0.4,0.4,0.2,0.4,0.3,0.4,0.3,0.4,0.3,0.3,0.4,0.3,0.4,0.2,0.5,0.4,0.4,0.4,0.4,0.4,0.4,0.4,0.4,0.4,0.4,0.4,0.4,0.4,0.4,0.4,0.4,0.4,0.4,0.4,0.4,0.4,0.4,0.4,0.4,0.4,0.4,0.4,0.4,0.4,0.4,0.4
63266.0,0.4,0.4,0.4,0.4,0.4,0.4,0.4,0.4,0.4,0.4,0.4,0.4,0.4,0.4,0.4,0.4,0.4,0.4,0.4,0.4,0.4,0.4,0.4,0.4,0.4,0.4,0.4,0.4,0.4,0.4,0.2,0.2,0.3,0.2,0.4,0.2,0.2,0.2,0.4,0.3,0.2,0.3,0.4,0.4,0.3,0.4,0.4,0.4,0.4,0.4,0.5,0.4,0.3,0.4,0.2,0.3,0.4,0.4,0.3,0.4,0.4,0.4,0.3,0.3,0.3,0.4,0.4,0.4,0.4,0.4,0.3,0.4,0.4,0.4,0.4,0.4,0.4,0.3,0.4,0.4,0.4,0.5,0.4,0.5,0.5,0.4,0.4,0.4,0.4,0.3,0.4,0.2,0.3,0.4,0.3,0.2,0.5,0.4,0.3,0.5,0.3,0.4,0.4,0.3,0.2,0.3,0.4,0.4,0.5,0.2,0.4,0.2,0.2,0.4,0.4,0.2,0.5,0.3,0.2,0.4,0.4,0.4,0.4,0.4,0.4,0.4,0.4,0.4,0.4,0.4,0.4,0.4,0.4,0.4,0.4,0.4,0.4,0.4,0.4,0.4,0.4,0.4,0.4,0.4,0.4,0.4,0.4,0.4,0.4,0.4,0.4,0.4,0.4,0.4,0.4,0.4,0.4,0.4,0.4,0.4,0.4,0.4,0.4,0.4,0.4,0.4,0.4,0.4,0.4,0.4,0.4,0.4,0.4,0.4,0.4,0.4,0.4,0.4,0.4,0.4,0.2,0.4,0.3,0.3,0.4,0.2,0.4,0.2,0.4,0.3,0.4,0.2,0.4,0.5,0.4,0.3,0.4,0.3,0.4,0.4,0.4,0.3,0.4,0.3,0.4,0.3,0.4,0.5,0.4,0.3,0.4,0.4,0.4,0.4,0.5,0.4,0.4,0.4,0.4,0.4,0.4,0.4,0.4,0.4,0.5,0.4,0.4,0.4,0.4,0.3,0.4,0.4,0.3,0.3,0.3,0.5,0.4,0.4,0.4,0.4,0.4,0.4,0.4,0.4,0.5,0.3,0.3,0.5,0.3,0.4,0.2,0.4,0.4,0.5,0.4,0.4,0.4,0.4,0.2,0.4,0.3,0.4,0.2,0.2,0.4,0.3,0.2,0.2,0.5,0.4,0.4,0.4,0.4,0.4,0.4,0.4,0.4,0.4,0.4,0.4,0.4,0.4,0.4,0.4,0.4,0.4,0.4,0.4,0.4,0.4,0.4,0.4,0.4,0.4,0.4,0.4,0.4,0.4,0.4,0.4
64176.0,0.4,0.4,0.4,0.4,0.4,0.4,0.4,0.4,0.4,0.4,0.4,0.4,0.4,0.4,0.4,0.4,0.4,0.4,0.4,0.4,0.4,0.4,0.4,0.4,0.4,0.4,0.4,0.4,0.4,0.4,0.3,0.2,0.2,0.2,0.5,0.2,0.3,0.2,0.4,0.3,0.4,0.3,0.4,0.4,0.3,0.3,0.4,0.4,0.4,0.4,0.5,0.4,0.4,0.4,0.3,0.3,0.4,0.4,0.4,0.4,0.4,0.4,0.4,0.3,0.3,0.4,0.4,0.4,0.3,0.4,0.4,0.4,0.4,0.4,0.4,0.4,0.5,0.3,0.4,0.4,0.4,0.2,0.5,0.4,0.5,0.3,0.4,0.4,0.4,0.3,0.4,0.3,0.3,0.4,0.3,0.4,0.4,0.3,0.3,0.4,0.3,0.4,0.4,0.4,0.3,0.2,0.4,0.4,0.4,0.3,0.4,0.2,0.3,0.3,0.2,0.2,0.2,0.3,0.2,0.4,0.4,0.4,0.4,0.4,0.4,0.4,0.4,0.4,0.4,0.4,0.4,0.4,0.4,0.4,0.4,0.4,0.4,0.4,0.4,0.4,0.4,0.4,0.4,0.4,0.4,0.4,0.4,0.4,0.4,0.4,0.4,0.4,0.4,0.4,0.4,0.4,0.4,0.4,0.4,0.4,0.4,0.4,0.4,0.4,0.4,0.4,0.4,0.4,0.4,0.4,0.4,0.4,0.4,0.4,0.4,0.4,0.4,0.4,0.4,0.4,0.2,0.4,0.2,0.3,0.4,0.2,0.4,0.2,0.4,0.4,0.3,0.2,0.4,0.5,0.4,0.3,0.5,0.3,0.4,0.4,0.4,0.3,0.4,0.2,0.5,0.3,0.4,0.4,0.4,0.3,0.4,0.4,0.4,0.4,0.5,0.4,0.4,0.4,0.4,0.4,0.4,0.4,0.4,0.4,0.5,0.5,0.4,0.4,0.4,0.3,0.4,0.4,0.3,0.4,0.2,0.4,0.4,0.5,0.5,0.5,0.5,0.4,0.4,0.4,0.5,0.3,0.2,0.4,0.3,0.4,0.3,0.5,0.4,0.4,0.4,0.4,0.4,0.4,0.4,0.4,0.3,0.4,0.4,0.3,0.4,0.2,0.2,0.2,0.5,0.4,0.4,0.4,0.4,0.4,0.4,0.4,0.4,0.4,0.4,0.4,0.4,0.4,0.4,0.4,0.4,0.4,0.4,0.4,0.4,0.4,0.4,0.4,0.4,0.4,0.4,0.4,0.4,0.4,0.4,0.4
64803.0,0.4,0.4,0.4,0.4,0.4,0.4,0.4,0.4,0.4,0.4,0.4,0.4,0.4,0.4,0.4,0.4,0.4,0.4,0.4,0.4,0.4,0.4,0.4,0.4,0.4,0.4,0.4,0.4,0.4,0.4,0.3,0.2,0.3,0.4,0.5,0.2,0.2,0.4,0.4,0.2,0.4,0.3,0.4,0.4,0.4,0.3,0.4,0.4,0.4,0.4,0.5,0.4,0.4,0.4,0.4,0.2,0.4,0.4,0.4,0.4,0.4,0.4,0.4,0.3,0.3,0.4,0.3,0.4,0.3,0.4,0.4,0.4,0.4,0.4,0.4,0.4,0.4,0.3,0.4,0.4,0.4,0.2,0.5,0.4,0.4,0.3,0.4,0.5,0.4,0.3,0.4,0.3,0.3,0.4,0.3,0.4,0.4,0.3,0.3,0.5,0.4,0.4,0.4,0.4,0.3,0.4,0.4,0.4,0.4,0.4,0.4,0.2,0.3,0.3,0.4,0.4,0.2,0.2,0.3,0.4,0.4,0.4,0.4,0.4,0.4,0.4,0.4,0.4,0.4,0.4,0.4,0.4,0.4,0.4,0.4,0.4,0.4,0.4,0.4,0.4,0.4,0.4,0.4,0.4,0.4,0.4,0.4,0.4,0.4,0.4,0.4,0.4,0.4,0.4,0.4,0.4,0.4,0.4,0.4,0.4,0.4,0.4,0.4,0.4,0.4,0.4,0.4,0.4,0.4,0.4,0.4,0.4,0.4,0.4,0.4,0.4,0.4,0.4,0.4,0.4,0.4,0.4,0.2,0.3,0.4,0.3,0.5,0.2,0.5,0.4,0.3,0.3,0.4,0.4,0.4,0.2,0.5,0.3,0.5,0.4,0.4,0.2,0.4,0.3,0.5,0.2,0.4,0.4,0.3,0.4,0.4,0.4,0.4,0.4,0.4,0.4,0.4,0.5,0.4,0.4,0.4,0.4,0.4,0.4,0.4,0.4,0.4,0.4,0.4,0.3,0.4,0.5,0.3,0.4,0.2,0.4,0.4,0.4,0.5,0.4,0.5,0.4,0.5,0.5,0.3,0.2,0.2,0.4,0.3,0.4,0.3,0.4,0.5,0.4,0.5,0.4,0.4,0.4,0.4,0.3,0.3,0.4,0.4,0.2,0.4,0.2,0.3,0.2,0.3,0.4,0.4,0.4,0.4,0.4,0.4,0.4,0.4,0.4,0.4,0.4,0.4,0.4,0.4,0.4,0.4,0.4,0.4,0.4,0.4,0.4,0.4,0.4,0.4,0.4,0.4,0.4,0.4,0.4,0.4,0.4
66036.0,0.4,0.4,0.4,0.4,0.4,0.4,0.4,0.4,0.4,0.4,0.4,0.4,0.4,0.4,0.4,0.4,0.4,0.4,0.4,0.4,0.4,0.4,0.4,0.4,0.4,0.4,0.4,0.4,0.4,0.4,0.2,0.2,0.2,0.4,0.3,0.4,0.2,0.4,0.3,0.2,0.4,0.2,0.4,0.5,0.4,0.2,0.4,0.4,0.5,0.4,0.4,0.4,0.4,0.4,0.4,0.3,0.4,0.4,0.4,0.4,0.4,0.3,0.4,0.2,0.2,0.4,0.3,0.4,0.4,0.3,0.4,0.3,0.3,0.4,0.4,0.4,0.3,0.4,0.4,0.4,0.3,0.2,0.3,0.4,0.4,0.2,0.5,0.4,0.4,0.4,0.4,0.4,0.3,0.4,0.4,0.4,0.4,0.3,0.3,0.4,0.3,0.5,0.4,0.4,0.4,0.3,0.4,0.4,0.3,0.5,0.3,0.2,0.4,0.2,0.4,0.5,0.2,0.4,0.5,0.4,0.4,0.4,0.4,0.4,0.4,0.4,0.4,0.4,0.4,0.4,0.4,0.4,0.4,0.4,0.4,0.4,0.4,0.4,0.4,0.4,0.4,0.4,0.4,0.4,0.4,0.4,0.4,0.4,0.4,0.4,0.4,0.4,0.4,0.4,0.4,0.4,0.4,0.4,0.4,0.4,0.4,0.4,0.4,0.4,0.4,0.4,0.4,0.4,0.4,0.4,0.4,0.4,0.4,0.4,0.4,0.4,0.4,0.4,0.4,0.4,0.3,0.2,0.4,0.2,0.4,0.2,0.2,0.4,0.3,0.4,0.2,0.3,0.4,0.3,0.5,0.3,0.4,0.2,0.4,0.4,0.5,0.4,0.4,0.3,0.4,0.2,0.3,0.5,0.3,0.4,0.4,0.5,0.4,0.4,0.4,0.4,0.4,0.5,0.4,0.4,0.4,0.4,0.4,0.4,0.4,0.4,0.4,0.4,0.4,0.4,0.4,0.4,0.3,0.4,0.3,0.4,0.5,0.4,0.5,0.4,0.4,0.4,0.4,0.4,0.3,0.2,0.4,0.4,0.3,0.4,0.3,0.4,0.4,0.3,0.2,0.4,0.4,0.4,0.3,0.3,0.4,0.5,0.5,0.4,0.4,0.4,0.3,0.2,0.2,0.4,0.4,0.4,0.4,0.4,0.4,0.4,0.4,0.4,0.4,0.4,0.4,0.4,0.4,0.4,0.4,0.4,0.4,0.4,0.4,0.4,0.4,0.4,0.4,0.4,0.4,0.4,0.4,0.4,0.4,0.4
66952.0,0.4,0.4,0.4,0.4,0.4,0.4,0.4,0.4,0.4,0.4,0.4,0.4,0.4,0.4,0.4,0.4,0.4,0.4,0.4,0.4,0.4,0.4,0.4,0.4,0.4,0.4,0.4,0.4,0.4,0.4,0.2,0.2,0.2,0.4,0.4,0.3,0.2,0.3,0.4,0.4,0.4,0.2,0.3,0.5,0.3,0.4,0.4,0.4,0.3,0.4,0.4,0.4,0.4,0.4,0.4,0.3,0.4,0.3,0.4,0.4,0.5,0.3,0.4,0.3,0.4,0.5,0.3,0.4,0.4,0.4,0.4,0.4,0.3,0.4,0.4,0.4,0.4,0.5,0.5,0.4,0.2,0.3,0.4,0.4,0.4,0.2,0.4,0.5,0.4,0.4,0.4,0.3,0.3,0.5,0.3,0.4,0.4,0.3,0.3,0.4,0.3,0.4,0.4,0.4,0.3,0.3,0.4,0.4,0.4,0.4,0.3,0.2,0.4,0.2,0.4,0.4,0.2,0.4,0.4,0.4,0.4,0.4,0.4,0.4,0.4,0.4,0.4,0.4,0.4,0.4,0.4,0.4,0.4,0.4,0.4,0.4,0.4,0.4,0.4,0.4,0.4,0.4,0.4,0.4,0.4,0.4,0.4,0.4,0.4,0.4,0.4,0.4,0.4,0.4,0.4,0.4,0.4,0.4,0.4,0.4,0.4,0.4,0.4,0.4,0.4,0.4,0.4,0.4,0.4,0.4,0.4,0.4,0.4,0.4,0.4,0.4,0.4,0.4,0.4,0.4,0.2,0.2,0.3,0.2,0.4,0.2,0.4,0.2,0.2,0.4,0.2,0.3,0.3,0.4,0.4,0.3,0.5,0.2,0.4,0.4,0.2,0.4,0.4,0.3,0.4,0.3,0.3,0.4,0.3,0.5,0.5,0.4,0.4,0.4,0.4,0.4,0.5,0.4,0.4,0.5,0.4,0.4,0.4,0.4,0.5,0.4,0.4,0.4,0.4,0.4,0.4,0.5,0.3,0.4,0.3,0.4,0.4,0.4,0.5,0.4,0.4,0.4,0.4,0.4,0.3,0.2,0.4,0.4,0.3,0.4,0.2,0.3,0.4,0.3,0.3,0.4,0.4,0.4,0.2,0.3,0.4,0.4,0.4,0.4,0.4,0.3,0.4,0.2,0.4,0.4,0.4,0.4,0.4,0.4,0.4,0.4,0.4,0.4,0.4,0.4,0.4,0.4,0.4,0.4,0.4,0.4,0.4,0.4,0.4,0.4,0.4,0.4,0.4,0.4,0.4,0.4,0.4,0.4,0.4,0.4
67585.0,0.4,0.4,0.4,0.4,0.4,0.4,0.4,0.4,0.4,0.4,0.4,0.4,0.4,0.4,0.4,0.4,0.4,0.4,0.4,0.4,0.4,0.4,0.4,0.4,0.4,0.4,0.4,0.4,0.4,0.4,0.3,0.2,0.2,0.4,0.4,0.4,0.2,0.4,0.4,0.4,0.4,0.2,0.3,0.5,0.3,0.4,0.4,0.4,0.3,0.3,0.5,0.5,0.3,0.4,0.4,0.3,0.4,0.3,0.4,0.4,0.5,0.2,0.4,0.3,0.4,0.4,0.3,0.4,0.4,0.4,0.4,0.4,0.2,0.4,0.4,0.4,0.4,0.5,0.5,0.4,0.2,0.4,0.4,0.4,0.4,0.3,0.3,0.5,0.4,0.4,0.4,0.3,0.3,0.4,0.3,0.4,0.5,0.3,0.3,0.4,0.2,0.4,0.4,0.4,0.3,0.3,0.4,0.3,0.4,0.3,0.2,0.4,0.4,0.2,0.4,0.4,0.2,0.3,0.4,0.4,0.4,0.4,0.4,0.4,0.4,0.4,0.4,0.4,0.4,0.4,0.4,0.4,0.4,0.4,0.4,0.4,0.4,0.4,0.4,0.4,0.4,0.4,0.4,0.4,0.4,0.4,0.4,0.4,0.4,0.4,0.4,0.4,0.4,0.4,0.4,0.4,0.4,0.4,0.4,0.4,0.4,0.4,0.4,0.4,0.4,0.4,0.4,0.4,0.4,0.4,0.4,0.4,0.4,0.4,0.4,0.4,0.4,0.4,0.4,0.4,0.2,0.2,0.3,0.2,0.5,0.2,0.4,0.2,0.2,0.4,0.4,0.3,0.3,0.4,0.4,0.2,0.5,0.4,0.3,0.3,0.2,0.4,0.4,0.3,0.4,0.3,0.3,0.4,0.3,0.4,0.4,0.4,0.4,0.4,0.4,0.4,0.5,0.4,0.4,0.4,0.4,0.4,0.4,0.5,0.4,0.4,0.4,0.4,0.5,0.5,0.4,0.5,0.3,0.4,0.3,0.4,0.4,0.4,0.5,0.5,0.4,0.4,0.3,0.4,0.4,0.2,0.4,0.4,0.3,0.4,0.3,0.3,0.4,0.3,0.3,0.4,0.4,0.4,0.2,0.3,0.4,0.2,0.4,0.4,0.4,0.3,0.3,0.3,0.4,0.4,0.4,0.4,0.4,0.4,0.4,0.4,0.4,0.4,0.4,0.4,0.4,0.4,0.4,0.4,0.4,0.4,0.4,0.4,0.4,0.4,0.4,0.4,0.4,0.4,0.4,0.4,0.4,0.4,0.4,0.4
68405.0,0.4,0.4,0.4,0.4,0.4,0.4,0.4,0.4,0.4,0.4,0.4,0.4,0.4,0.4,0.4,0.4,0.4,0.4,0.4,0.4,0.4,0.4,0.4,0.4,0.4,0.4,0.4,0.4,0.4,0.4,0.3,0.2,0.3,0.5,0.5,0.4,0.3,0.4,0.4,0.4,0.4,0.2,0.4,0.4,0.3,0.3,0.4,0.4,0.2,0.3,0.4,0.4,0.2,0.4,0.5,0.3,0.4,0.3,0.5,0.4,0.4,0.2,0.4,0.3,0.5,0.4,0.3,0.5,0.5,0.4,0.4,0.4,0.3,0.4,0.4,0.4,0.4,0.4,0.5,0.4,0.2,0.4,0.4,0.5,0.5,0.3,0.3,0.5,0.4,0.4,0.4,0.3,0.3,0.3,0.4,0.3,0.3,0.3,0.3,0.4,0.3,0.4,0.3,0.4,0.3,0.3,0.4,0.2,0.4,0.3,0.2,0.4,0.5,0.3,0.4,0.3,0.3,0.3,0.4,0.4,0.4,0.4,0.4,0.4,0.4,0.4,0.4,0.4,0.4,0.4,0.4,0.4,0.4,0.4,0.4,0.4,0.4,0.4,0.4,0.4,0.4,0.4,0.4,0.4,0.4,0.4,0.4,0.4,0.4,0.4,0.4,0.4,0.4,0.4,0.4,0.4,0.4,0.4,0.4,0.4,0.4,0.4,0.4,0.4,0.4,0.4,0.4,0.4,0.4,0.4,0.4,0.4,0.4,0.4,0.4,0.4,0.4,0.4,0.4,0.4,0.2,0.2,0.2,0.2,0.5,0.4,0.5,0.2,0.4,0.4,0.4,0.3,0.3,0.4,0.4,0.4,0.4,0.3,0.3,0.3,0.4,0.4,0.4,0.3,0.4,0.3,0.3,0.4,0.2,0.4,0.4,0.5,0.3,0.4,0.4,0.4,0.5,0.2,0.4,0.4,0.4,0.4,0.3,0.5,0.4,0.4,0.4,0.5,0.5,0.5,0.3,0.3,0.4,0.4,0.3,0.4,0.4,0.4,0.4,0.4,0.4,0.4,0.3,0.4,0.4,0.3,0.4,0.4,0.3,0.3,0.3,0.2,0.4,0.3,0.3,0.4,0.5,0.4,0.4,0.3,0.4,0.2,0.4,0.3,0.4,0.3,0.3,0.3,0.4,0.4,0.4,0.4,0.4,0.4,0.4,0.4,0.4,0.4,0.4,0.4,0.4,0.4,0.4,0.4,0.4,0.4,0.4,0.4,0.4,0.4,0.4,0.4,0.4,0.4,0.4,0.4,0.4,0.4,0.4,0.4
69918.0,0.4,0.4,0.4,0.4,0.4,0.4,0.4,0.4,0.4,0.4,0.4,0.4,0.4,0.4,0.4,0.4,0.4,0.4,0.4,0.4,0.4,0.4,0.4,0.4,0.4,0.4,0.4,0.4,0.4,0.4,0.2,0.2,0.2,0.4,0.4,0.3,0.2,0.4,0.3,0.4,0.4,0.4,0.4,0.4,0.4,0.4,0.3,0.4,0.2,0.4,0.4,0.3,0.3,0.4,0.4,0.4,0.4,0.3,0.4,0.4,0.4,0.3,0.4,0.3,0.4,0.4,0.2,0.4,0.4,0.4,0.4,0.4,0.3,0.4,0.4,0.5,0.4,0.4,0.4,0.4,0.3,0.4,0.4,0.4,0.5,0.3,0.4,0.4,0.4,0.4,0.4,0.3,0.3,0.4,0.3,0.3,0.2,0.4,0.3,0.3,0.4,0.4,0.2,0.5,0.4,0.2,0.4,0.4,0.4,0.3,0.4,0.3,0.4,0.4,0.4,0.2,0.2,0.2,0.4,0.4,0.4,0.4,0.4,0.4,0.4,0.4,0.4,0.4,0.4,0.4,0.4,0.4,0.4,0.4,0.4,0.4,0.4,0.4,0.4,0.4,0.4,0.4,0.4,0.4,0.4,0.4,0.4,0.4,0.4,0.4,0.4,0.4,0.4,0.4,0.4,0.4,0.4,0.4,0.4,0.4,0.4,0.4,0.4,0.4,0.4,0.4,0.4,0.4,0.4,0.4,0.4,0.4,0.4,0.4,0.4,0.4,0.4,0.4,0.4,0.4,0.3,0.2,0.2,0.3,0.3,0.4,0.5,0.3,0.4,0.4,0.4,0.4,0.3,0.5,0.4,0.4,0.3,0.3,0.3,0.4,0.4,0.3,0.3,0.3,0.4,0.3,0.2,0.4,0.4,0.4,0.4,0.4,0.3,0.4,0.3,0.4,0.3,0.3,0.4,0.5,0.4,0.4,0.4,0.5,0.5,0.4,0.4,0.4,0.4,0.4,0.3,0.3,0.4,0.4,0.4,0.5,0.4,0.4,0.5,0.4,0.4,0.4,0.3,0.5,0.5,0.3,0.4,0.4,0.3,0.2,0.3,0.2,0.4,0.2,0.3,0.4,0.3,0.4,0.4,0.3,0.5,0.2,0.5,0.2,0.3,0.3,0.3,0.3,0.4,0.4,0.4,0.4,0.4,0.4,0.4,0.4,0.4,0.4,0.4,0.4,0.4,0.4,0.4,0.4,0.4,0.4,0.4,0.4,0.4,0.4,0.4,0.4,0.4,0.4,0.4,0.4,0.4,0.4,0.4,0.4
70851.0,0.4,0.4,0.4,0.4,0.4,0.4,0.4,0.4,0.4,0.4,0.4,0.4,0.4,0.4,0.4,0.4,0.4,0.4,0.4,0.4,0.4,0.4,0.4,0.4,0.4,0.4,0.4,0.4,0.4,0.4,0.2,0.4,0.2,0.4,0.2,0.4,0.4,0.4,0.4,0.5,0.4,0.4,0.4,0.4,0.4,0.4,0.3,0.5,0.2,0.4,0.4,0.2,0.3,0.5,0.4,0.4,0.5,0.4,0.4,0.4,0.3,0.4,0.4,0.4,0.4,0.4,0.3,0.4,0.3,0.4,0.4,0.4,0.3,0.4,0.5,0.4,0.4,0.4,0.4,0.3,0.3,0.4,0.4,0.4,0.4,0.3,0.4,0.4,0.5,0.4,0.4,0.2,0.3,0.4,0.4,0.3,0.2,0.4,0.4,0.3,0.3,0.3,0.2,0.2,0.3,0.2,0.3,0.3,0.3,0.4,0.5,0.4,0.4,0.3,0.3,0.3,0.4,0.2,0.3,0.4,0.4,0.4,0.4,0.4,0.4,0.4,0.4,0.4,0.4,0.4,0.4,0.4,0.4,0.4,0.4,0.4,0.4,0.4,0.4,0.4,0.4,0.4,0.4,0.4,0.4,0.4,0.4,0.4,0.4,0.4,0.4,0.4,0.4,0.4,0.4,0.4,0.4,0.4,0.4,0.4,0.4,0.4,0.4,0.4,0.4,0.4,0.4,0.4,0.4,0.4,0.4,0.4,0.4,0.4,0.4,0.4,0.4,0.4,0.4,0.4,0.2,0.4,0.2,0.3,0.2,0.4,0.5,0.3,0.5,0.4,0.4,0.4,0.3,0.4,0.5,0.4,0.3,0.4,0.3,0.5,0.4,0.3,0.2,0.3,0.5,0.2,0.3,0.4,0.4,0.4,0.5,0.4,0.2,0.4,0.2,0.4,0.3,0.3,0.4,0.3,0.4,0.4,0.4,0.5,0.3,0.5,0.4,0.4,0.4,0.4,0.3,0.4,0.4,0.4,0.4,0.5,0.4,0.4,0.4,0.4,0.4,0.4,0.2,0.5,0.4,0.2,0.4,0.3,0.2,0.4,0.4,0.2,0.4,0.3,0.3,0.3,0.2,0.3,0.3,0.4,0.5,0.4,0.3,0.2,0.2,0.3,0.2,0.3,0.4,0.4,0.4,0.4,0.4,0.4,0.4,0.4,0.4,0.4,0.4,0.4,0.4,0.4,0.4,0.4,0.4,0.4,0.4,0.4,0.4,0.4,0.4,0.4,0.4,0.4,0.4,0.4,0.4,0.4,0.4,0.4
71981.0,0.4,0.4,0.4,0.4,0.4,0.4,0.4,0.4,0.4,0.4,0.4,0.4,0.4,0.4,0.4,0.4,0.4,0.4,0.4,0.4,0.4,0.4,0.4,0.4,0.4,0.4,0.4,0.4,0.4,0.4,0.4,0.5,0.2,0.5,0.2,0.3,0.3,0.3,0.4,0.3,0.3,0.3,0.4,0.4,0.5,0.4,0.4,0.4,0.3,0.3,0.4,0.2,0.2,0.3,0.5,0.4,0.4,0.4,0.4,0.4,0.3,0.4,0.4,0.3,0.4,0.4,0.3,0.5,0.4,0.4,0.4,0.4,0.4,0.4,0.5,0.4,0.4,0.4,0.5,0.3,0.3,0.5,0.5,0.4,0.4,0.3,0.4,0.4,0.4,0.3,0.4,0.3,0.3,0.4,0.4,0.3,0.3,0.4,0.5,0.2,0.3,0.4,0.2,0.3,0.3,0.3,0.4,0.4,0.3,0.4,0.4,0.4,0.3,0.4,0.3,0.4,0.2,0.2,0.3,0.4,0.4,0.4,0.4,0.4,0.4,0.4,0.4,0.4,0.4,0.4,0.4,0.4,0.4,0.4,0.4,0.4,0.4,0.4,0.4,0.4,0.4,0.4,0.4,0.4,0.4,0.4,0.4,0.4,0.4,0.4,0.4,0.4,0.4,0.4,0.4,0.4,0.4,0.4,0.4,0.4,0.4,0.4,0.4,0.4,0.4,0.4,0.4,0.4,0.4,0.4,0.4,0.4,0.4,0.4,0.4,0.4,0.4,0.4,0.4,0.4,0.2,0.3,0.4,0.3,0.2,0.4,0.3,0.4,0.4,0.4,0.4,0.4,0.4,0.4,0.4,0.4,0.3,0.4,0.4,0.4,0.4,0.4,0.2,0.3,0.4,0.3,0.3,0.5,0.4,0.4,0.5,0.4,0.2,0.5,0.2,0.4,0.3,0.3,0.4,0.4,0.4,0.4,0.4,0.5,0.3,0.5,0.4,0.4,0.5,0.5,0.3,0.4,0.4,0.4,0.4,0.5,0.4,0.4,0.4,0.4,0.3,0.4,0.3,0.4,0.4,0.3,0.4,0.3,0.3,0.5,0.4,0.4,0.4,0.3,0.3,0.2,0.2,0.2,0.4,0.4,0.4,0.4,0.4,0.4,0.4,0.4,0.3,0.4,0.4,0.4,0.4,0.4,0.4,0.4,0.4,0.4,0.4,0.4,0.4,0.4,0.4,0.4,0.4,0.4,0.4,0.4,0.4,0.4,0.4,0.4,0.4,0.4,0.4,0.4,0.4,0.4,0.4,0.4,0.4,0.4
73102.0,0.4,0.4,0.4,0.4,0.4,0.4,0.4,0.4,0.4,0.4,0.4,0.4,0.4,0.4,0.4,0.4,0.4,0.4,0.4,0.4,0.4,0.4,0.4,0.4,0.4,0.4,0.4,0.4,0.4,0.4,0.5,0.4,0.2,0.4,0.2,0.3,0.2,0.2,0.4,0.4,0.2,0.3,0.5,0.4,0.5,0.3,0.5,0.4,0.2,0.3,0.4,0.4,0.3,0.3,0.4,0.4,0.4,0.4,0.4,0.4,0.3,0.4,0.4,0.3,0.4,0.4,0.3,0.4,0.5,0.4,0.4,0.4,0.4,0.4,0.4,0.4,0.4,0.4,0.5,0.3,0.3,0.4,0.4,0.4,0.4,0.4,0.4,0.4,0.5,0.3,0.4,0.3,0.3,0.5,0.4,0.5,0.2,0.4,0.4,0.4,0.3,0.5,0.2,0.2,0.3,0.3,0.4,0.4,0.4,0.3,0.4,0.4,0.4,0.3,0.2,0.4,0.2,0.2,0.4,0.4,0.4,0.4,0.4,0.4,0.4,0.4,0.4,0.4,0.4,0.4,0.4,0.4,0.4,0.4,0.4,0.4,0.4,0.4,0.4,0.4,0.4,0.4,0.4,0.4,0.4,0.4,0.4,0.4,0.4,0.4,0.4,0.4,0.4,0.4,0.4,0.4,0.4,0.4,0.4,0.4,0.4,0.4,0.4,0.4,0.4,0.4,0.4,0.4,0.4,0.4,0.4,0.4,0.4,0.4,0.4,0.4,0.4,0.4,0.4,0.4,0.2,0.4,0.3,0.2,0.3,0.4,0.4,0.3,0.5,0.4,0.4,0.4,0.4,0.3,0.4,0.3,0.3,0.3,0.4,0.3,0.4,0.4,0.3,0.2,0.4,0.4,0.3,0.4,0.5,0.4,0.4,0.4,0.2,0.4,0.4,0.5,0.3,0.2,0.3,0.4,0.4,0.4,0.5,0.4,0.3,0.5,0.5,0.4,0.5,0.4,0.4,0.4,0.5,0.4,0.4,0.4,0.4,0.4,0.4,0.4,0.2,0.4,0.3,0.4,0.3,0.3,0.4,0.2,0.3,0.4,0.3,0.4,0.3,0.3,0.4,0.4,0.4,0.2,0.5,0.5,0.4,0.3,0.5,0.3,0.2,0.4,0.2,0.4,0.5,0.4,0.4,0.4,0.4,0.4,0.4,0.4,0.4,0.4,0.4,0.4,0.4,0.4,0.4,0.4,0.4,0.4,0.4,0.4,0.4,0.4,0.4,0.4,0.4,0.4,0.4,0.4,0.4,0.4,0.4,0.4
73729.0,0.4,0.4,0.4,0.4,0.4,0.4,0.4,0.4,0.4,0.4,0.4,0.4,0.4,0.4,0.4,0.4,0.4,0.4,0.4,0.4,0.4,0.4,0.4,0.4,0.4,0.4,0.4,0.4,0.4,0.4,0.4,0.3,0.4,0.4,0.3,0.4,0.2,0.2,0.3,0.4,0.3,0.3,0.5,0.4,0.5,0.3,0.4,0.5,0.2,0.3,0.4,0.4,0.3,0.3,0.4,0.4,0.4,0.4,0.4,0.5,0.3,0.4,0.4,0.3,0.4,0.4,0.3,0.4,0.5,0.4,0.4,0.4,0.4,0.4,0.4,0.5,0.4,0.5,0.5,0.3,0.2,0.5,0.5,0.4,0.4,0.5,0.5,0.4,0.5,0.3,0.4,0.3,0.3,0.4,0.4,0.5,0.3,0.4,0.4,0.5,0.3,0.5,0.3,0.3,0.3,0.3,0.4,0.4,0.4,0.3,0.5,0.3,0.3,0.2,0.2,0.4,0.4,0.2,0.4,0.4,0.4,0.4,0.4,0.4,0.4,0.4,0.4,0.4,0.4,0.4,0.4,0.4,0.4,0.4,0.4,0.4,0.4,0.4,0.4,0.4,0.4,0.4,0.4,0.4,0.4,0.4,0.4,0.4,0.4,0.4,0.4,0.4,0.4,0.4,0.4,0.4,0.4,0.4,0.4,0.4,0.4,0.4,0.4,0.4,0.4,0.4,0.4,0.4,0.4,0.4,0.4,0.4,0.4,0.4,0.4,0.4,0.4,0.4,0.4,0.4,0.2,0.4,0.3,0.2,0.3,0.3,0.4,0.4,0.5,0.4,0.4,0.5,0.4,0.3,0.4,0.3,0.3,0.3,0.4,0.3,0.4,0.5,0.3,0.2,0.4,0.4,0.4,0.5,0.4,0.4,0.4,0.4,0.2,0.4,0.4,0.5,0.3,0.2,0.3,0.4,0.4,0.4,0.4,0.4,0.3,0.4,0.5,0.4,0.4,0.4,0.4,0.5,0.5,0.4,0.4,0.4,0.5,0.4,0.4,0.4,0.4,0.4,0.3,0.5,0.3,0.3,0.4,0.4,0.3,0.4,0.4,0.3,0.3,0.3,0.4,0.5,0.4,0.2,0.4,0.3,0.4,0.3,0.4,0.2,0.2,0.4,0.2,0.4,0.5,0.4,0.4,0.4,0.4,0.4,0.4,0.4,0.4,0.4,0.4,0.4,0.4,0.4,0.4,0.4,0.4,0.4,0.4,0.4,0.4,0.4,0.4,0.4,0.4,0.4,0.4,0.4,0.4,0.4,0.4,0.4
74559.0,0.4,0.4,0.4,0.4,0.4,0.4,0.4,0.4,0.4,0.4,0.4,0.4,0.4,0.4,0.4,0.4,0.4,0.4,0.4,0.4,0.4,0.4,0.4,0.4,0.4,0.4,0.4,0.4,0.4,0.4,0.3,0.2,0.3,0.4,0.4,0.4,0.2,0.3,0.3,0.5,0.2,0.3,0.4,0.5,0.4,0.4,0.3,0.5,0.3,0.3,0.4,0.5,0.2,0.3,0.4,0.5,0.3,0.4,0.4,0.4,0.3,0.3,0.4,0.3,0.4,0.4,0.3,0.4,0.5,0.4,0.4,0.4,0.4,0.4,0.4,0.4,0.4,0.4,0.5,0.3,0.3,0.5,0.3,0.3,0.5,0.5,0.5,0.4,0.5,0.3,0.5,0.3,0.3,0.5,0.4,0.4,0.3,0.4,0.4,0.5,0.3,0.3,0.2,0.3,0.2,0.3,0.3,0.4,0.4,0.4,0.4,0.2,0.2,0.2,0.3,0.5,0.4,0.2,0.4,0.4,0.4,0.4,0.4,0.4,0.4,0.4,0.4,0.4,0.4,0.4,0.4,0.4,0.4,0.4,0.4,0.4,0.4,0.4,0.4,0.4,0.4,0.4,0.4,0.4,0.4,0.4,0.4,0.4,0.4,0.4,0.4,0.4,0.4,0.4,0.4,0.4,0.4,0.4,0.4,0.4,0.4,0.4,0.4,0.4,0.4,0.4,0.4,0.4,0.4,0.4,0.4,0.4,0.4,0.4,0.4,0.4,0.4,0.4,0.4,0.4,0.2,0.5,0.4,0.2,0.2,0.4,0.4,0.4,0.5,0.4,0.4,0.5,0.4,0.3,0.4,0.4,0.2,0.4,0.4,0.2,0.4,0.5,0.3,0.2,0.4,0.4,0.4,0.5,0.4,0.4,0.4,0.4,0.3,0.4,0.4,0.4,0.3,0.3,0.3,0.4,0.4,0.4,0.4,0.4,0.5,0.4,0.4,0.4,0.4,0.4,0.4,0.5,0.5,0.4,0.5,0.4,0.5,0.4,0.4,0.4,0.4,0.4,0.3,0.3,0.4,0.3,0.4,0.5,0.4,0.5,0.4,0.3,0.3,0.4,0.4,0.4,0.4,0.3,0.4,0.3,0.3,0.4,0.4,0.4,0.4,0.4,0.2,0.4,0.4,0.4,0.4,0.4,0.4,0.4,0.4,0.4,0.4,0.4,0.4,0.4,0.4,0.4,0.4,0.4,0.4,0.4,0.4,0.4,0.4,0.4,0.4,0.4,0.4,0.4,0.4,0.4,0.4,0.4,0.4,0.4
76085.0,0.4,0.4,0.4,0.4,0.4,0.4,0.4,0.4,0.4,0.4,0.4,0.4,0.4,0.4,0.4,0.4,0.4,0.4,0.4,0.4,0.4,0.4,0.4,0.4,0.4,0.4,0.4,0.4,0.4,0.4,0.4,0.2,0.2,0.3,0.3,0.4,0.3,0.4,0.4,0.5,0.3,0.3,0.4,0.4,0.3,0.4,0.2,0.5,0.3,0.2,0.4,0.4,0.3,0.2,0.4,0.4,0.3,0.5,0.4,0.4,0.3,0.4,0.3,0.3,0.4,0.3,0.3,0.4,0.4,0.4,0.4,0.4,0.4,0.5,0.4,0.4,0.4,0.4,0.5,0.4,0.4,0.4,0.3,0.3,0.4,0.4,0.4,0.5,0.5,0.2,0.3,0.4,0.3,0.4,0.4,0.5,0.3,0.4,0.4,0.4,0.3,0.2,0.2,0.3,0.2,0.3,0.2,0.4,0.4,0.4,0.2,0.4,0.4,0.2,0.4,0.4,0.4,0.2,0.4,0.4,0.4,0.4,0.4,0.4,0.4,0.4,0.4,0.4,0.4,0.4,0.4,0.4,0.4,0.4,0.4,0.4,0.4,0.4,0.4,0.4,0.4,0.4,0.4,0.4,0.4,0.4,0.4,0.4,0.4,0.4,0.4,0.4,0.4,0.4,0.4,0.4,0.4,0.4,0.4,0.4,0.4,0.4,0.4,0.4,0.4,0.4,0.4,0.4,0.4,0.4,0.4,0.4,0.4,0.4,0.4,0.4,0.4,0.4,0.4,0.4,0.4,0.4,0.4,0.2,0.2,0.3,0.4,0.4,0.5,0.4,0.3,0.3,0.3,0.2,0.4,0.4,0.4,0.4,0.4,0.4,0.4,0.4,0.3,0.3,0.4,0.3,0.5,0.4,0.4,0.4,0.4,0.5,0.3,0.5,0.2,0.4,0.4,0.2,0.5,0.4,0.4,0.4,0.5,0.4,0.5,0.4,0.4,0.4,0.4,0.4,0.4,0.4,0.5,0.4,0.4,0.4,0.4,0.4,0.4,0.4,0.3,0.4,0.4,0.2,0.4,0.3,0.5,0.4,0.4,0.5,0.5,0.3,0.3,0.4,0.4,0.5,0.5,0.4,0.4,0.3,0.2,0.4,0.5,0.5,0.4,0.4,0.2,0.3,0.4,0.4,0.4,0.4,0.4,0.4,0.4,0.4,0.4,0.4,0.4,0.4,0.4,0.4,0.4,0.4,0.4,0.4,0.4,0.4,0.4,0.4,0.4,0.4,0.4,0.4,0.4,0.4,0.4,0.4,0.4,0.4
76702.0,0.4,0.4,0.4,0.4,0.4,0.4,0.4,0.4,0.4,0.4,0.4,0.4,0.4,0.4,0.4,0.4,0.4,0.4,0.4,0.4,0.4,0.4,0.4,0.4,0.4,0.4,0.4,0.4,0.4,0.4,0.4,0.2,0.3,0.2,0.4,0.4,0.2,0.3,0.4,0.5,0.2,0.2,0.4,0.4,0.3,0.4,0.3,0.5,0.2,0.2,0.4,0.4,0.3,0.2,0.4,0.5,0.3,0.5,0.4,0.4,0.3,0.5,0.3,0.2,0.4,0.3,0.3,0.4,0.4,0.4,0.3,0.3,0.4,0.4,0.4,0.4,0.4,0.4,0.5,0.4,0.4,0.4,0.3,0.3,0.5,0.4,0.4,0.5,0.4,0.2,0.3,0.3,0.3,0.4,0.3,0.4,0.3,0.4,0.4,0.4,0.3,0.2,0.2,0.4,0.2,0.3,0.3,0.4,0.4,0.4,0.2,0.4,0.4,0.2,0.4,0.4,0.4,0.4,0.4,0.4,0.4,0.4,0.4,0.4,0.4,0.4,0.4,0.4,0.4,0.4,0.4,0.4,0.4,0.4,0.4,0.4,0.4,0.4,0.4,0.4,0.4,0.4,0.4,0.4,0.4,0.4,0.4,0.4,0.4,0.4,0.4,0.4,0.4,0.4,0.4,0.4,0.4,0.4,0.4,0.4,0.4,0.4,0.4,0.4,0.4,0.4,0.4,0.4,0.4,0.4,0.4,0.4,0.4,0.4,0.4,0.4,0.4,0.4,0.4,0.4,0.2,0.4,0.4,0.4,0.2,0.4,0.4,0.4,0.3,0.5,0.3,0.4,0.2,0.2,0.3,0.3,0.4,0.5,0.5,0.4,0.4,0.5,0.3,0.3,0.4,0.4,0.4,0.4,0.4,0.4,0.4,0.3,0.3,0.5,0.4,0.5,0.3,0.2,0.3,0.4,0.3,0.4,0.4,0.4,0.4,0.4,0.4,0.4,0.4,0.4,0.4,0.4,0.5,0.4,0.4,0.3,0.4,0.3,0.4,0.4,0.3,0.4,0.4,0.3,0.4,0.4,0.5,0.4,0.4,0.5,0.5,0.3,0.2,0.3,0.4,0.5,0.4,0.3,0.4,0.4,0.2,0.4,0.5,0.4,0.4,0.4,0.2,0.3,0.4,0.4,0.4,0.4,0.4,0.4,0.4,0.4,0.4,0.4,0.4,0.4,0.4,0.4,0.4,0.4,0.4,0.4,0.4,0.4,0.4,0.4,0.4,0.4,0.4,0.4,0.4,0.4,0.4,0.4,0.4,0.4
78235.0,0.4,0.4,0.4,0.4,0.4,0.4,0.4,0.4,0.4,0.4,0.4,0.4,0.4,0.4,0.4,0.4,0.4,0.4,0.4,0.4,0.4,0.4,0.4,0.4,0.4,0.4,0.4,0.4,0.4,0.4,0.5,0.3,0.2,0.3,0.4,0.4,0.2,0.3,0.4,0.3,0.4,0.2,0.4,0.4,0.3,0.5,0.4,0.4,0.4,0.4,0.2,0.4,0.4,0.3,0.5,0.4,0.3,0.4,0.4,0.4,0.4,0.4,0.3,0.4,0.4,0.3,0.3,0.4,0.4,0.4,0.3,0.3,0.4,0.4,0.4,0.4,0.4,0.4,0.4,0.4,0.4,0.4,0.3,0.4,0.4,0.4,0.4,0.4,0.5,0.4,0.2,0.3,0.4,0.5,0.3,0.3,0.3,0.4,0.4,0.4,0.2,0.5,0.3,0.3,0.4,0.2,0.3,0.4,0.2,0.4,0.4,0.3,0.4,0.3,0.4,0.4,0.2,0.3,0.4,0.4,0.4,0.4,0.4,0.4,0.4,0.4,0.4,0.4,0.4,0.4,0.4,0.4,0.4,0.4,0.4,0.4,0.4,0.4,0.4,0.4,0.4,0.4,0.4,0.4,0.4,0.4,0.4,0.4,0.4,0.4,0.4,0.4,0.4,0.4,0.4,0.4,0.4,0.4,0.4,0.4,0.4,0.4,0.4,0.4,0.4,0.4,0.4,0.4,0.4,0.4,0.4,0.4,0.4,0.4,0.4,0.4,0.4,0.4,0.4,0.4,0.2,0.3,0.3,0.4,0.2,0.4,0.2,0.3,0.3,0.3,0.4,0.4,0.3,0.4,0.4,0.2,0.4,0.4,0.4,0.4,0.4,0.5,0.3,0.4,0.4,0.4,0.4,0.4,0.4,0.4,0.4,0.2,0.4,0.4,0.4,0.3,0.3,0.3,0.3,0.4,0.3,0.4,0.5,0.5,0.4,0.4,0.4,0.4,0.4,0.3,0.3,0.4,0.4,0.4,0.4,0.3,0.4,0.2,0.3,0.4,0.4,0.4,0.4,0.3,0.4,0.4,0.4,0.3,0.4,0.4,0.3,0.4,0.4,0.4,0.3,0.4,0.2,0.3,0.3,0.4,0.3,0.4,0.4,0.3,0.3,0.4,0.2,0.4,0.3,0.4,0.4,0.4,0.4,0.4,0.4,0.4,0.4,0.4,0.4,0.4,0.4,0.4,0.4,0.4,0.4,0.4,0.4,0.4,0.4,0.4,0.4,0.4,0.4,0.4,0.4,0.4,0.4,0.4,0.4,0.4
79054.0,0.4,0.4,0.4,0.4,0.4,0.4,0.4,0.4,0.4,0.4,0.4,0.4,0.4,0.4,0.4,0.4,0.4,0.4,0.4,0.4,0.4,0.4,0.4,0.4,0.4,0.4,0.4,0.4,0.4,0.4,0.3,0.3,0.2,0.2,0.4,0.4,0.2,0.4,0.4,0.3,0.4,0.2,0.4,0.4,0.3,0.5,0.4,0.4,0.4,0.4,0.2,0.4,0.4,0.3,0.4,0.4,0.3,0.4,0.4,0.4,0.4,0.4,0.2,0.4,0.4,0.3,0.3,0.4,0.4,0.4,0.3,0.3,0.4,0.4,0.4,0.3,0.5,0.5,0.4,0.5,0.5,0.5,0.2,0.4,0.4,0.5,0.4,0.4,0.4,0.4,0.4,0.4,0.4,0.5,0.3,0.3,0.3,0.4,0.4,0.5,0.2,0.5,0.3,0.3,0.5,0.2,0.3,0.4,0.2,0.3,0.4,0.3,0.4,0.4,0.4,0.4,0.3,0.3,0.4,0.4,0.4,0.4,0.4,0.4,0.4,0.4,0.4,0.4,0.4,0.4,0.4,0.4,0.4,0.4,0.4,0.4,0.4,0.4,0.4,0.4,0.4,0.4,0.4,0.4,0.4,0.4,0.4,0.4,0.4,0.4,0.4,0.4,0.4,0.4,0.4,0.4,0.4,0.4,0.4,0.4,0.4,0.4,0.4,0.4,0.4,0.4,0.4,0.4,0.4,0.4,0.4,0.4,0.4,0.4,0.4,0.4,0.4,0.4,0.4,0.4,0.2,0.4,0.3,0.4,0.2,0.3,0.2,0.2,0.3,0.2,0.3,0.3,0.2,0.3,0.4,0.4,0.5,0.3,0.3,0.3,0.5,0.5,0.4,0.4,0.4,0.4,0.4,0.4,0.5,0.4,0.4,0.2,0.5,0.4,0.4,0.3,0.3,0.3,0.3,0.4,0.3,0.5,0.5,0.5,0.4,0.5,0.4,0.4,0.4,0.3,0.2,0.4,0.4,0.4,0.5,0.4,0.4,0.3,0.4,0.4,0.4,0.4,0.4,0.3,0.4,0.4,0.3,0.3,0.4,0.4,0.4,0.5,0.4,0.4,0.3,0.4,0.2,0.4,0.3,0.5,0.3,0.4,0.4,0.4,0.4,0.5,0.2,0.4,0.3,0.4,0.4,0.4,0.4,0.4,0.4,0.4,0.4,0.4,0.4,0.4,0.4,0.4,0.4,0.4,0.4,0.4,0.4,0.4,0.4,0.4,0.4,0.4,0.4,0.4,0.4,0.4,0.4,0.4,0.4,0.4
80085.0,0.4,0.4,0.4,0.4,0.4,0.4,0.4,0.4,0.4,0.4,0.4,0.4,0.4,0.4,0.4,0.4,0.4,0.4,0.4,0.4,0.4,0.4,0.4,0.4,0.4,0.4,0.4,0.4,0.4,0.4,0.2,0.2,0.3,0.2,0.3,0.4,0.3,0.3,0.4,0.3,0.4,0.4,0.4,0.4,0.3,0.5,0.4,0.4,0.4,0.4,0.3,0.4,0.4,0.4,0.4,0.4,0.3,0.4,0.3,0.4,0.4,0.5,0.3,0.4,0.4,0.3,0.3,0.5,0.4,0.5,0.3,0.3,0.3,0.4,0.4,0.3,0.5,0.4,0.3,0.4,0.5,0.4,0.3,0.4,0.4,0.4,0.4,0.4,0.4,0.5,0.4,0.4,0.4,0.5,0.5,0.4,0.4,0.4,0.4,0.5,0.3,0.4,0.3,0.3,0.5,0.4,0.4,0.3,0.4,0.4,0.5,0.3,0.5,0.4,0.4,0.3,0.3,0.4,0.4,0.4,0.4,0.4,0.4,0.4,0.4,0.4,0.4,0.4,0.4,0.4,0.4,0.4,0.4,0.4,0.4,0.4,0.4,0.4,0.4,0.4,0.4,0.4,0.4,0.4,0.4,0.4,0.4,0.4,0.4,0.4,0.4,0.4,0.4,0.4,0.4,0.4,0.4,0.4,0.4,0.4,0.4,0.4,0.4,0.4,0.4,0.4,0.4,0.4,0.4,0.4,0.4,0.4,0.4,0.4,0.4,0.4,0.4,0.4,0.4,0.4,0.3,0.4,0.2,0.5,0.4,0.2,0.3,0.3,0.3,0.2,0.4,0.3,0.4,0.3,0.4,0.4,0.4,0.3,0.2,0.2,0.4,0.4,0.4,0.4,0.4,0.4,0.4,0.4,0.4,0.5,0.4,0.3,0.3,0.4,0.4,0.3,0.3,0.3,0.3,0.4,0.3,0.4,0.5,0.4,0.5,0.5,0.4,0.5,0.4,0.3,0.3,0.4,0.4,0.3,0.4,0.4,0.5,0.3,0.4,0.4,0.5,0.4,0.4,0.3,0.4,0.4,0.3,0.2,0.3,0.5,0.5,0.4,0.4,0.4,0.3,0.4,0.3,0.3,0.2,0.5,0.4,0.3,0.4,0.4,0.3,0.3,0.2,0.4,0.3,0.4,0.4,0.4,0.4,0.4,0.4,0.4,0.4,0.4,0.4,0.4,0.4,0.4,0.4,0.4,0.4,0.4,0.4,0.4,0.4,0.4,0.4,0.4,0.4,0.4,0.4,0.4,0.4,0.4,0.4,0.4
81616.0,0.4,0.4,0.4,0.4,0.4,0.4,0.4,0.4,0.4,0.4,0.4,0.4,0.4,0.4,0.4,0.4,0.4,0.4,0.4,0.4,0.4,0.4,0.4,0.4,0.4,0.4,0.4,0.4,0.4,0.4,0.4,0.3,0.4,0.3,0.2,0.2,0.3,0.3,0.4,0.3,0.4,0.4,0.4,0.4,0.4,0.5,0.3,0.4,0.4,0.4,0.4,0.4,0.5,0.5,0.5,0.4,0.3,0.5,0.3,0.5,0.4,0.4,0.3,0.4,0.4,0.4,0.4,0.5,0.5,0.4,0.2,0.3,0.3,0.4,0.4,0.3,0.5,0.5,0.3,0.4,0.4,0.4,0.4,0.4,0.3,0.5,0.5,0.4,0.5,0.4,0.5,0.4,0.5,0.4,0.4,0.2,0.4,0.4,0.3,0.4,0.3,0.4,0.2,0.3,0.4,0.4,0.3,0.4,0.4,0.4,0.4,0.4,0.2,0.4,0.4,0.2,0.4,0.4,0.4,0.4,0.4,0.4,0.4,0.4,0.4,0.4,0.4,0.4,0.4,0.4,0.4,0.4,0.4,0.4,0.4,0.4,0.4,0.4,0.4,0.4,0.4,0.4,0.4,0.4,0.4,0.4,0.4,0.4,0.4,0.4,0.4,0.4,0.4,0.4,0.4,0.4,0.4,0.4,0.4,0.4,0.4,0.4,0.4,0.4,0.4,0.4,0.4,0.4,0.4,0.4,0.4,0.4,0.4,0.4,0.4,0.4,0.4,0.4,0.4,0.4,0.2,0.2,0.2,0.4,0.4,0.4,0.2,0.2,0.4,0.4,0.4,0.4,0.4,0.2,0.5,0.4,0.5,0.5,0.3,0.3,0.4,0.3,0.4,0.4,0.5,0.4,0.5,0.4,0.4,0.4,0.4,0.3,0.4,0.4,0.4,0.2,0.3,0.3,0.4,0.4,0.3,0.4,0.4,0.4,0.5,0.4,0.4,0.4,0.4,0.3,0.3,0.2,0.5,0.3,0.4,0.4,0.4,0.2,0.5,0.4,0.3,0.4,0.4,0.3,0.5,0.4,0.4,0.3,0.3,0.3,0.5,0.4,0.4,0.4,0.2,0.4,0.3,0.5,0.4,0.4,0.3,0.2,0.4,0.3,0.3,0.2,0.2,0.3,0.3,0.4,0.4,0.4,0.4,0.4,0.4,0.4,0.4,0.4,0.4,0.4,0.4,0.4,0.4,0.4,0.4,0.4,0.4,0.4,0.4,0.4,0.4,0.4,0.4,0.4,0.4,0.4,0.4,0.4,0.4,0.4
83238.0,0.4,0.4,0.4,0.4,0.4,0.4,0.4,0.4,0.4,0.4,0.4,0.4,0.4,0.4,0.4,0.4,0.4,0.4,0.4,0.4,0.4,0.4,0.4,0.4,0.4,0.4,0.4,0.4,0.4,0.4,0.4,0.2,0.4,0.3,0.4,0.2,0.4,0.3,0.4,0.4,0.4,0.4,0.2,0.5,0.4,0.5,0.4,0.4,0.4,0.4,0.4,0.3,0.3,0.4,0.4,0.4,0.3,0.5,0.4,0.4,0.4,0.4,0.2,0.4,0.4,0.3,0.4,0.4,0.4,0.4,0.3,0.3,0.4,0.5,0.5,0.3,0.4,0.4,0.3,0.4,0.4,0.4,0.4,0.4,0.3,0.4,0.4,0.5,0.4,0.5,0.4,0.4,0.4,0.4,0.4,0.3,0.2,0.4,0.4,0.4,0.4,0.5,0.3,0.4,0.4,0.4,0.3,0.4,0.4,0.4,0.3,0.4,0.2,0.3,0.3,0.3,0.3,0.2,0.4,0.4,0.4,0.4,0.4,0.4,0.4,0.4,0.4,0.4,0.4,0.4,0.4,0.4,0.4,0.4,0.4,0.4,0.4,0.4,0.4,0.4,0.4,0.4,0.4,0.4,0.4,0.4,0.4,0.4,0.4,0.4,0.4,0.4,0.4,0.4,0.4,0.4,0.4,0.4,0.4,0.4,0.4,0.4,0.4,0.4,0.4,0.4,0.4,0.4,0.4,0.4,0.4,0.4,0.4,0.4,0.4,0.4,0.4,0.4,0.4,0.4,0.2,0.2,0.2,0.4,0.4,0.3,0.4,0.4,0.4,0.5,0.4,0.4,0.4,0.4,0.4,0.4,0.4,0.4,0.3,0.3,0.4,0.4,0.3,0.4,0.4,0.4,0.4,0.4,0.4,0.3,0.4,0.3,0.4,0.4,0.4,0.3,0.4,0.3,0.4,0.5,0.3,0.5,0.4,0.4,0.5,0.4,0.5,0.4,0.4,0.3,0.3,0.3,0.4,0.5,0.4,0.4,0.4,0.3,0.4,0.5,0.2,0.4,0.4,0.3,0.4,0.4,0.3,0.3,0.3,0.3,0.5,0.3,0.4,0.4,0.3,0.4,0.2,0.4,0.4,0.5,0.3,0.4,0.3,0.4,0.4,0.2,0.2,0.2,0.4,0.4,0.4,0.4,0.4,0.4,0.4,0.4,0.4,0.4,0.4,0.4,0.4,0.4,0.4,0.4,0.4,0.4,0.4,0.4,0.4,0.4,0.4,0.4,0.4,0.4,0.4,0.4,0.4,0.4,0.4,0.4
83861.0,0.4,0.4,0.4,0.4,0.4,0.4,0.4,0.4,0.4,0.4,0.4,0.4,0.4,0.4,0.4,0.4,0.4,0.4,0.4,0.4,0.4,0.4,0.4,0.4,0.4,0.4,0.4,0.4,0.4,0.4,0.4,0.4,0.4,0.3,0.3,0.2,0.4,0.3,0.3,0.4,0.3,0.4,0.3,0.5,0.4,0.5,0.4,0.4,0.4,0.4,0.3,0.3,0.3,0.4,0.4,0.4,0.3,0.4,0.5,0.5,0.4,0.5,0.3,0.5,0.4,0.3,0.4,0.5,0.4,0.4,0.3,0.3,0.4,0.4,0.5,0.3,0.5,0.4,0.3,0.3,0.4,0.4,0.5,0.4,0.3,0.4,0.4,0.5,0.4,0.3,0.4,0.4,0.5,0.4,0.4,0.2,0.2,0.4,0.4,0.4,0.4,0.5,0.3,0.4,0.4,0.3,0.3,0.4,0.4,0.4,0.3,0.4,0.2,0.2,0.3,0.4,0.4,0.2,0.4,0.4,0.4,0.4,0.4,0.4,0.4,0.4,0.4,0.4,0.4,0.4,0.4,0.4,0.4,0.4,0.4,0.4,0.4,0.4,0.4,0.4,0.4,0.4,0.4,0.4,0.4,0.4,0.4,0.4,0.4,0.4,0.4,0.4,0.4,0.4,0.4,0.4,0.4,0.4,0.4,0.4,0.4,0.4,0.4,0.4,0.4,0.4,0.4,0.4,0.4,0.4,0.4,0.4,0.4,0.4,0.4,0.4,0.4,0.4,0.4,0.4,0.3,0.3,0.2,0.5,0.4,0.3,0.4,0.3,0.4,0.5,0.5,0.5,0.4,0.4,0.4,0.4,0.4,0.5,0.3,0.3,0.4,0.4,0.3,0.4,0.4,0.4,0.4,0.4,0.4,0.3,0.4,0.3,0.3,0.4,0.4,0.4,0.5,0.3,0.4,0.4,0.3,0.4,0.4,0.4,0.5,0.4,0.5,0.4,0.4,0.4,0.3,0.3,0.3,0.5,0.4,0.4,0.4,0.3,0.5,0.5,0.4,0.4,0.4,0.4,0.4,0.4,0.3,0.3,0.3,0.4,0.5,0.3,0.4,0.4,0.2,0.4,0.3,0.3,0.5,0.5,0.3,0.4,0.3,0.4,0.5,0.2,0.2,0.2,0.5,0.4,0.4,0.4,0.4,0.4,0.4,0.4,0.4,0.4,0.4,0.4,0.4,0.4,0.4,0.4,0.4,0.4,0.4,0.4,0.4,0.4,0.4,0.4,0.4,0.4,0.4,0.4,0.4,0.4,0.4,0.4
85293.0,0.4,0.4,0.4,0.4,0.4,0.4,0.4,0.4,0.4,0.4,0.4,0.4,0.4,0.4,0.4,0.4,0.4,0.4,0.4,0.4,0.4,0.4,0.4,0.4,0.4,0.4,0.4,0.4,0.4,0.4,0.2,0.3,0.4,0.2,0.4,0.5,0.4,0.2,0.3,0.3,0.4,0.4,0.3,0.5,0.4,0.4,0.5,0.5,0.4,0.4,0.2,0.4,0.2,0.4,0.4,0.4,0.2,0.4,0.4,0.4,0.4,0.4,0.2,0.4,0.4,0.4,0.4,0.5,0.5,0.4,0.2,0.3,0.4,0.4,0.4,0.4,0.4,0.4,0.3,0.4,0.4,0.4,0.4,0.4,0.3,0.5,0.3,0.3,0.3,0.3,0.4,0.5,0.5,0.3,0.4,0.3,0.4,0.5,0.4,0.5,0.4,0.5,0.3,0.5,0.4,0.3,0.3,0.4,0.4,0.4,0.2,0.3,0.2,0.2,0.3,0.4,0.4,0.3,0.4,0.4,0.4,0.4,0.4,0.4,0.4,0.4,0.4,0.4,0.4,0.4,0.4,0.4,0.4,0.4,0.4,0.4,0.4,0.4,0.4,0.4,0.4,0.4,0.4,0.4,0.4,0.4,0.4,0.4,0.4,0.4,0.4,0.4,0.4,0.4,0.4,0.4,0.4,0.4,0.4,0.4,0.4,0.4,0.4,0.4,0.4,0.4,0.4,0.4,0.4,0.4,0.4,0.4,0.4,0.4,0.4,0.4,0.4,0.4,0.4,0.4,0.4,0.3,0.4,0.3,0.4,0.3,0.3,0.4,0.3,0.4,0.3,0.5,0.5,0.4,0.5,0.5,0.4,0.5,0.3,0.3,0.4,0.4,0.4,0.4,0.4,0.4,0.5,0.4,0.3,0.4,0.4,0.4,0.4,0.4,0.4,0.4,0.5,0.4,0.3,0.4,0.4,0.5,0.4,0.5,0.5,0.4,0.4,0.4,0.4,0.4,0.3,0.3,0.3,0.5,0.4,0.4,0.5,0.4,0.4,0.5,0.4,0.4,0.3,0.4,0.4,0.4,0.2,0.2,0.4,0.4,0.4,0.2,0.4,0.4,0.3,0.5,0.4,0.4,0.4,0.4,0.2,0.4,0.4,0.4,0.4,0.2,0.2,0.2,0.4,0.4,0.4,0.4,0.4,0.4,0.4,0.4,0.4,0.4,0.4,0.4,0.4,0.4,0.4,0.4,0.4,0.4,0.4,0.4,0.4,0.4,0.4,0.4,0.4,0.4,0.4,0.4,0.4,0.4,0.4,0.4
86423.0,0.4,0.4,0.4,0.4,0.4,0.4,0.4,0.4,0.4,0.4,0.4,0.4,0.4,0.4,0.4,0.4,0.4,0.4,0.4,0.4,0.4,0.4,0.4,0.4,0.4,0.4,0.4,0.4,0.4,0.4,0.2,0.3,0.2,0.4,0.3,0.4,0.4,0.2,0.3,0.3,0.4,0.4,0.2,0.4,0.4,0.4,0.4,0.4,0.4,0.4,0.4,0.5,0.2,0.4,0.5,0.4,0.4,0.5,0.4,0.5,0.3,0.4,0.4,0.4,0.3,0.4,0.5,0.4,0.4,0.4,0.2,0.3,0.4,0.4,0.4,0.5,0.4,0.4,0.3,0.4,0.4,0.4,0.4,0.3,0.4,0.5,0.3,0.2,0.4,0.3,0.4,0.4,0.4,0.3,0.3,0.2,0.4,0.4,0.5,0.4,0.4,0.4,0.3,0.4,0.3,0.3,0.4,0.5,0.4,0.4,0.3,0.2,0.4,0.4,0.4,0.4,0.4,0.3,0.3,0.4,0.4,0.4,0.4,0.4,0.4,0.4,0.4,0.4,0.4,0.4,0.4,0.4,0.4,0.4,0.4,0.4,0.4,0.4,0.4,0.4,0.4,0.4,0.4,0.4,0.4,0.4,0.4,0.4,0.4,0.4,0.4,0.4,0.4,0.4,0.4,0.4,0.4,0.4,0.4,0.4,0.4,0.4,0.4,0.4,0.4,0.4,0.4,0.4,0.4,0.4,0.4,0.4,0.4,0.4,0.4,0.4,0.4,0.4,0.4,0.4,0.4,0.3,0.3,0.3,0.3,0.3,0.4,0.5,0.2,0.4,0.4,0.4,0.3,0.4,0.3,0.5,0.3,0.4,0.4,0.3,0.4,0.4,0.4,0.4,0.4,0.5,0.5,0.4,0.4,0.4,0.4,0.4,0.4,0.4,0.4,0.5,0.4,0.5,0.4,0.3,0.4,0.4,0.4,0.4,0.4,0.3,0.5,0.4,0.5,0.4,0.3,0.2,0.4,0.4,0.5,0.4,0.4,0.4,0.4,0.4,0.4,0.4,0.3,0.4,0.4,0.4,0.3,0.4,0.4,0.4,0.4,0.4,0.4,0.2,0.3,0.4,0.4,0.4,0.4,0.3,0.3,0.4,0.4,0.4,0.3,0.2,0.3,0.3,0.3,0.4,0.4,0.4,0.4,0.4,0.4,0.4,0.4,0.4,0.4,0.4,0.4,0.4,0.4,0.4,0.4,0.4,0.4,0.4,0.4,0.4,0.4,0.4,0.4,0.4,0.4,0.4,0.4,0.4,0.4,0.4
87454.0,0.4,0.4,0.4,0.4,0.4,0.4,0.4,0.4,0.4,0.4,0.4,0.4,0.4,0.4,0.4,0.4,0.4,0.4,0.4,0.4,0.4,0.4,0.4,0.4,0.4,0.4,0.4,0.4,0.4,0.4,0.2,0.3,0.2,0.5,0.4,0.4,0.3,0.4,0.3,0.4,0.4,0.5,0.2,0.4,0.5,0.3,0.4,0.4,0.4,0.4,0.3,0.4,0.3,0.3,0.3,0.5,0.4,0.5,0.4,0.4,0.3,0.4,0.4,0.4,0.3,0.4,0.4,0.5,0.4,0.5,0.2,0.3,0.4,0.4,0.5,0.4,0.4,0.4,0.3,0.4,0.4,0.3,0.4,0.3,0.4,0.4,0.3,0.4,0.4,0.3,0.4,0.4,0.3,0.3,0.3,0.4,0.4,0.5,0.4,0.3,0.4,0.4,0.3,0.4,0.3,0.4,0.4,0.4,0.3,0.4,0.3,0.4,0.4,0.4,0.5,0.3,0.3,0.2,0.2,0.4,0.4,0.4,0.4,0.4,0.4,0.4,0.4,0.4,0.4,0.4,0.4,0.4,0.4,0.4,0.4,0.4,0.4,0.4,0.4,0.4,0.4,0.4,0.4,0.4,0.4,0.4,0.4,0.4,0.4,0.4,0.4,0.4,0.4,0.4,0.4,0.4,0.4,0.4,0.4,0.4,0.4,0.4,0.4,0.4,0.4,0.4,0.4,0.4,0.4,0.4,0.4,0.4,0.4,0.4,0.4,0.4,0.4,0.4,0.4,0.4,0.4,0.2,0.3,0.4,0.3,0.2,0.4,0.5,0.2,0.4,0.4,0.5,0.3,0.4,0.2,0.3,0.2,0.4,0.5,0.3,0.4,0.4,0.5,0.4,0.4,0.4,0.4,0.4,0.4,0.4,0.4,0.4,0.4,0.4,0.4,0.4,0.5,0.5,0.4,0.4,0.4,0.4,0.4,0.4,0.4,0.3,0.5,0.4,0.4,0.4,0.3,0.3,0.4,0.4,0.5,0.4,0.4,0.4,0.4,0.4,0.4,0.4,0.3,0.4,0.4,0.4,0.4,0.5,0.5,0.4,0.3,0.3,0.4,0.2,0.3,0.4,0.5,0.4,0.4,0.4,0.4,0.5,0.4,0.4,0.3,0.4,0.4,0.4,0.3,0.4,0.4,0.4,0.4,0.4,0.4,0.4,0.4,0.4,0.4,0.4,0.4,0.4,0.4,0.4,0.4,0.4,0.4,0.4,0.4,0.4,0.4,0.4,0.4,0.4,0.4,0.4,0.4,0.4,0.4,0.4
88688.0,0.4,0.4,0.4,0.4,0.4,0.4,0.4,0.4,0.4,0.4,0.4,0.4,0.4,0.4,0.4,0.4,0.4,0.4,0.4,0.4,0.4,0.4,0.4,0.4,0.4,0.4,0.4,0.4,0.4,0.4,0.4,0.2,0.3,0.3,0.3,0.3,0.3,0.5,0.3,0.3,0.4,0.4,0.3,0.3,0.5,0.4,0.4,0.4,0.4,0.4,0.5,0.5,0.3,0.3,0.2,0.5,0.4,0.4,0.4,0.4,0.4,0.5,0.4,0.4,0.4,0.4,0.5,0.4,0.4,0.4,0.3,0.3,0.4,0.4,0.4,0.4,0.4,0.3,0.3,0.4,0.4,0.2,0.5,0.4,0.4,0.4,0.4,0.4,0.4,0.2,0.4,0.4,0.3,0.3,0.4,0.4,0.5,0.4,0.4,0.3,0.5,0.4,0.3,0.4,0.2,0.3,0.4,0.4,0.4,0.3,0.4,0.4,0.5,0.4,0.3,0.4,0.2,0.2,0.2,0.4,0.4,0.4,0.4,0.4,0.4,0.4,0.4,0.4,0.4,0.4,0.4,0.4,0.4,0.4,0.4,0.4,0.4,0.4,0.4,0.4,0.4,0.4,0.4,0.4,0.4,0.4,0.4,0.4,0.4,0.4,0.4,0.4,0.4,0.4,0.4,0.4,0.4,0.4,0.4,0.4,0.4,0.4,0.4,0.4,0.4,0.4,0.4,0.4,0.4,0.4,0.4,0.4,0.4,0.4,0.4,0.4,0.4,0.4,0.4,0.4,0.4,0.2,0.2,0.3,0.4,0.3,0.4,0.4,0.2,0.4,0.5,0.3,0.4,0.4,0.4,0.4,0.3,0.4,0.4,0.3,0.4,0.4,0.4,0.4,0.5,0.4,0.4,0.4,0.4,0.4,0.4,0.4,0.4,0.5,0.4,0.4,0.5,0.5,0.4,0.5,0.4,0.4,0.5,0.5,0.3,0.3,0.4,0.4,0.4,0.5,0.2,0.3,0.4,0.5,0.4,0.4,0.4,0.4,0.4,0.4,0.4,0.4,0.3,0.4,0.3,0.4,0.4,0.4,0.4,0.4,0.4,0.2,0.5,0.4,0.4,0.3,0.5,0.3,0.5,0.4,0.5,0.3,0.3,0.4,0.4,0.3,0.4,0.3,0.4,0.4,0.4,0.4,0.4,0.4,0.4,0.4,0.4,0.4,0.4,0.4,0.4,0.4,0.4,0.4,0.4,0.4,0.4,0.4,0.4,0.4,0.4,0.4,0.4,0.4,0.4,0.4,0.4,0.4,0.4,0.4
89507.0,0.4,0.4,0.4,0.4,0.4,0.4,0.4,0.4,0.4,0.4,0.4,0.4,0.4,0.4,0.4,0.4,0.4,0.4,0.4,0.4,0.4,0.4,0.4,0.4,0.4,0.4,0.4,0.4,0.4,0.4,0.4,0.2,0.3,0.3,0.3,0.3,0.4,0.4,0.4,0.4,0.4,0.4,0.3,0.4,0.4,0.4,0.3,0.3,0.4,0.4,0.3,0.4,0.3,0.3,0.2,0.4,0.4,0.4,0.4,0.4,0.4,0.4,0.4,0.5,0.4,0.4,0.5,0.4,0.5,0.4,0.3,0.3,0.5,0.4,0.4,0.4,0.4,0.3,0.3,0.5,0.4,0.3,0.4,0.4,0.3,0.4,0.4,0.4,0.4,0.3,0.4,0.4,0.4,0.3,0.3,0.4,0.4,0.4,0.5,0.2,0.5,0.4,0.3,0.4,0.2,0.2,0.5,0.4,0.5,0.3,0.5,0.3,0.3,0.4,0.4,0.3,0.2,0.2,0.2,0.4,0.4,0.4,0.4,0.4,0.4,0.4,0.4,0.4,0.4,0.4,0.4,0.4,0.4,0.4,0.4,0.4,0.4,0.4,0.4,0.4,0.4,0.4,0.4,0.4,0.4,0.4,0.4,0.4,0.4,0.4,0.4,0.4,0.4,0.4,0.4,0.4,0.4,0.4,0.4,0.4,0.4,0.4,0.4,0.4,0.4,0.4,0.4,0.4,0.4,0.4,0.4,0.4,0.4,0.4,0.4,0.4,0.4,0.4,0.4,0.4,0.4,0.2,0.2,0.3,0.4,0.2,0.4,0.4,0.4,0.4,0.4,0.3,0.4,0.3,0.4,0.4,0.3,0.4,0.4,0.4,0.3,0.4,0.4,0.3,0.4,0.4,0.4,0.3,0.4,0.4,0.4,0.4,0.4,0.4,0.3,0.3,0.5,0.4,0.4,0.4,0.4,0.5,0.5,0.4,0.3,0.3,0.4,0.3,0.4,0.5,0.3,0.3,0.4,0.5,0.4,0.4,0.5,0.4,0.4,0.5,0.4,0.5,0.3,0.4,0.2,0.4,0.4,0.4,0.4,0.5,0.4,0.3,0.4,0.4,0.4,0.3,0.4,0.2,0.4,0.4,0.2,0.4,0.3,0.4,0.4,0.2,0.5,0.2,0.4,0.4,0.4,0.4,0.4,0.4,0.4,0.4,0.4,0.4,0.4,0.4,0.4,0.4,0.4,0.4,0.4,0.4,0.4,0.4,0.4,0.4,0.4,0.4,0.4,0.4,0.4,0.4,0.4,0.4,0.4,0.4
90419.0,0.4,0.4,0.4,0.4,0.4,0.4,0.4,0.4,0.4,0.4,0.4,0.4,0.4,0.4,0.4,0.4,0.4,0.4,0.4,0.4,0.4,0.4,0.4,0.4,0.4,0.4,0.4,0.4,0.4,0.4,0.4,0.4,0.2,0.3,0.4,0.2,0.3,0.4,0.2,0.4,0.3,0.4,0.3,0.4,0.4,0.4,0.4,0.4,0.4,0.4,0.3,0.4,0.2,0.4,0.4,0.4,0.4,0.4,0.4,0.4,0.4,0.4,0.4,0.4,0.4,0.4,0.4,0.4,0.4,0.4,0.3,0.3,0.4,0.4,0.4,0.5,0.4,0.3,0.3,0.4,0.4,0.4,0.4,0.5,0.3,0.4,0.4,0.4,0.4,0.3,0.4,0.4,0.5,0.2,0.2,0.4,0.4,0.4,0.4,0.2,0.4,0.5,0.4,0.4,0.2,0.4,0.4,0.4,0.5,0.2,0.3,0.3,0.3,0.5,0.3,0.4,0.3,0.2,0.3,0.4,0.4,0.4,0.4,0.4,0.4,0.4,0.4,0.4,0.4,0.4,0.4,0.4,0.4,0.4,0.4,0.4,0.4,0.4,0.4,0.4,0.4,0.4,0.4,0.4,0.4,0.4,0.4,0.4,0.4,0.4,0.4,0.4,0.4,0.4,0.4,0.4,0.4,0.4,0.4,0.4,0.4,0.4,0.4,0.4,0.4,0.4,0.4,0.4,0.4,0.4,0.4,0.4,0.4,0.4,0.4,0.4,0.4,0.4,0.4,0.4,0.4,0.2,0.2,0.2,0.5,0.2,0.3,0.5,0.3,0.3,0.4,0.3,0.4,0.3,0.4,0.4,0.4,0.4,0.4,0.4,0.3,0.4,0.4,0.3,0.5,0.5,0.5,0.3,0.4,0.4,0.4,0.3,0.5,0.4,0.4,0.2,0.4,0.4,0.5,0.5,0.4,0.3,0.4,0.4,0.3,0.3,0.4,0.3,0.4,0.4,0.3,0.4,0.4,0.4,0.4,0.4,0.4,0.4,0.4,0.5,0.4,0.5,0.3,0.4,0.4,0.4,0.5,0.4,0.4,0.5,0.3,0.2,0.4,0.4,0.4,0.4,0.4,0.3,0.5,0.3,0.4,0.4,0.3,0.4,0.3,0.2,0.3,0.4,0.3,0.4,0.4,0.4,0.4,0.4,0.4,0.4,0.4,0.4,0.4,0.4,0.4,0.4,0.4,0.4,0.4,0.4,0.4,0.4,0.4,0.4,0.4,0.4,0.4,0.4,0.4,0.4,0.4,0.4,0.4,0.4
91637.0,0.4,0.4,0.4,0.4,0.4,0.4,0.4,0.4,0.4,0.4,0.4,0.4,0.4,0.4,0.4,0.4,0.4,0.4,0.4,0.4,0.4,0.4,0.4,0.4,0.4,0.4,0.4,0.4,0.4,0.4,0.2,0.4,0.4,0.2,0.3,0.2,0.4,0.4,0.2,0.4,0.4,0.4,0.2,0.4,0.4,0.3,0.4,0.4,0.4,0.4,0.4,0.5,0.4,0.4,0.4,0.4,0.3,0.4,0.5,0.3,0.3,0.4,0.4,0.4,0.4,0.4,0.4,0.4,0.4,0.4,0.2,0.3,0.4,0.4,0.4,0.4,0.4,0.4,0.3,0.4,0.5,0.4,0.5,0.4,0.3,0.4,0.4,0.4,0.4,0.2,0.4,0.5,0.5,0.2,0.2,0.5,0.4,0.4,0.4,0.3,0.4,0.4,0.3,0.4,0.2,0.3,0.4,0.4,0.4,0.3,0.4,0.4,0.3,0.4,0.3,0.3,0.3,0.3,0.3,0.4,0.4,0.4,0.4,0.4,0.4,0.4,0.4,0.4,0.4,0.4,0.4,0.4,0.4,0.4,0.4,0.4,0.4,0.4,0.4,0.4,0.4,0.4,0.4,0.4,0.4,0.4,0.4,0.4,0.4,0.4,0.4,0.4,0.4,0.4,0.4,0.4,0.4,0.4,0.4,0.4,0.4,0.4,0.4,0.4,0.4,0.4,0.4,0.4,0.4,0.4,0.4,0.4,0.4,0.4,0.4,0.4,0.4,0.4,0.4,0.4,0.4,0.4,0.2,0.3,0.5,0.4,0.2,0.3,0.4,0.2,0.4,0.2,0.4,0.3,0.4,0.4,0.4,0.4,0.5,0.4,0.3,0.4,0.4,0.4,0.4,0.5,0.3,0.4,0.4,0.3,0.4,0.4,0.4,0.4,0.4,0.3,0.4,0.3,0.3,0.5,0.3,0.3,0.4,0.5,0.4,0.3,0.4,0.3,0.4,0.4,0.3,0.4,0.4,0.4,0.4,0.4,0.4,0.4,0.4,0.4,0.4,0.4,0.4,0.4,0.4,0.5,0.4,0.4,0.4,0.4,0.4,0.2,0.4,0.4,0.4,0.3,0.4,0.3,0.3,0.4,0.3,0.4,0.3,0.3,0.2,0.2,0.4,0.3,0.2,0.4,0.4,0.4,0.4,0.4,0.4,0.4,0.4,0.4,0.4,0.4,0.4,0.4,0.4,0.4,0.4,0.4,0.4,0.4,0.4,0.4,0.4,0.4,0.4,0.4,0.4,0.4,0.4,0.4,0.4,0.4
92369.0,0.4,0.4,0.4,0.4,0.4,0.4,0.4,0.4,0.4,0.4,0.4,0.4,0.4,0.4,0.4,0.4,0.4,0.4,0.4,0.4,0.4,0.4,0.4,0.4,0.4,0.4,0.4,0.4,0.4,0.4,0.2,0.4,0.4,0.2,0.2,0.3,0.5,0.4,0.2,0.4,0.4,0.4,0.2,0.4,0.4,0.3,0.4,0.3,0.5,0.4,0.4,0.5,0.4,0.4,0.4,0.4,0.3,0.4,0.5,0.3,0.2,0.5,0.4,0.4,0.4,0.3,0.4,0.2,0.4,0.4,0.2,0.4,0.4,0.4,0.4,0.4,0.4,0.4,0.2,0.5,0.5,0.4,0.4,0.4,0.3,0.3,0.4,0.4,0.4,0.2,0.4,0.4,0.5,0.2,0.2,0.4,0.4,0.4,0.4,0.3,0.4,0.4,0.4,0.5,0.2,0.3,0.4,0.4,0.5,0.3,0.4,0.4,0.3,0.3,0.2,0.3,0.3,0.3,0.3,0.4,0.4,0.4,0.4,0.4,0.4,0.4,0.4,0.4,0.4,0.4,0.4,0.4,0.4,0.4,0.4,0.4,0.4,0.4,0.4,0.4,0.4,0.4,0.4,0.4,0.4,0.4,0.4,0.4,0.4,0.4,0.4,0.4,0.4,0.4,0.4,0.4,0.4,0.4,0.4,0.4,0.4,0.4,0.4,0.4,0.4,0.4,0.4,0.4,0.4,0.4,0.4,0.4,0.4,0.4,0.4,0.4,0.4,0.4,0.4,0.4,0.4,0.3,0.2,0.2,0.5,0.4,0.2,0.3,0.3,0.2,0.3,0.2,0.4,0.2,0.4,0.4,0.3,0.3,0.5,0.4,0.3,0.4,0.4,0.4,0.4,0.4,0.3,0.4,0.4,0.3,0.4,0.4,0.4,0.4,0.4,0.4,0.3,0.4,0.3,0.5,0.3,0.4,0.4,0.4,0.4,0.4,0.4,0.3,0.4,0.4,0.3,0.4,0.5,0.4,0.4,0.4,0.5,0.4,0.4,0.4,0.4,0.4,0.4,0.4,0.4,0.4,0.4,0.4,0.4,0.4,0.3,0.2,0.5,0.4,0.4,0.3,0.4,0.4,0.3,0.5,0.4,0.5,0.4,0.3,0.3,0.2,0.3,0.3,0.2,0.4,0.4,0.4,0.4,0.4,0.4,0.4,0.4,0.4,0.4,0.4,0.4,0.4,0.4,0.4,0.4,0.4,0.4,0.4,0.4,0.4,0.4,0.4,0.4,0.4,0.4,0.4,0.4,0.4,0.4,0.4
